week,インフルエンザ,COVID-19,咽頭結膜熱,Ａ群溶血性レンサ球菌咽頭炎,感染性胃腸炎,水痘,手足口病,伝染性紅斑,突発性発しん,百日咳,ヘルパンギーナ,流行性耳下腺炎,急性出血性結膜炎,流行性角結膜炎,細菌性髄膜炎,無菌性髄膜炎,マイコプラズマ肺炎,クラミジア肺炎,感染性胃腸炎（ロタウイルス）,RSウイルス
2013-W01,3.91,,0.18,0.53,4.36,1.67,0.13,0.02,0.19,0,0.01,0.19,0.01,0.36,0.02,0.02,0.52,0.01,,
2013-W02,12.07,,0.36,1.53,8.44,1.92,0.16,0.07,0.5,0.01,0.02,0.34,0.03,0.69,0.01,0.02,0.83,0.05,,
2013-W03,22.58,,0.23,1.51,7.04,1.12,0.19,0.05,0.46,0.01,0.02,0.23,0.02,0.46,0.01,0.03,0.62,0.03,,
2013-W04,36.44,,0.29,1.94,7.85,1.34,0.18,0.06,0.45,0.01,0.02,0.2,0.02,0.49,0.01,0.02,0.63,0.04,,
2013-W05,35.82,,0.26,1.87,7.77,0.98,0.19,0.06,0.46,0.01,0.02,0.23,0.03,0.5,0.02,0.01,0.77,0.04,,
2013-W06,26.7,,0.29,1.99,7.75,1.29,0.17,0.05,0.46,0.01,0.02,0.2,0.02,0.47,0.02,0.03,0.56,0.03,,
2013-W07,16.31,,0.25,1.67,7.29,1.04,0.17,0.05,0.41,0.01,0.02,0.21,0.02,0.39,0.01,0.01,0.48,0.02,,
2013-W08,13.9,,0.25,2.2,8.81,1.28,0.19,0.05,0.45,0.01,0.02,0.24,0.03,0.42,0.02,0.03,0.49,0.02,,
2013-W09,12.26,,0.29,2.23,9.59,1.06,0.18,0.06,0.47,0.01,0.02,0.23,0.02,0.47,0.03,0.01,0.51,0.03,,
2013-W10,10.37,,0.32,2.37,10.39,1.23,0.2,0.05,0.48,0.01,0.02,0.25,0.03,0.48,0.03,0.01,0.5,0.04,,
2013-W11,8.13,,0.32,2.28,10.18,1.08,0.2,0.05,0.05,0.01,0.02,0.24,0.03,0.43,0.02,0.02,0.53,0.02,,
2013-W12,6.75,,0.3,1.95,8.81,1.16,0.17,0.06,0.49,0.01,0.02,0.25,0.04,0.45,0.01,0.02,0.58,0.04,,
2013-W13,4.38,,0.29,1.69,8,1.18,0.17,0.05,0.51,0.01,0.03,0.25,0.02,0.51,0.02,0.02,0.48,0.03,,
2013-W14,2.8,,0.27,1.45,6.95,1.14,0.19,0.06,0.54,0.01,0.03,0.25,0.02,0.5,0.02,0.04,0.42,0.03,,
2013-W15,2,,0.29,1.62,7.01,1.06,0.28,0.06,0.55,0.01,0.05,0.24,0.02,0.56,0.02,0.03,0.46,0.03,,
2013-W16,2.89,,0.35,2.1,8.1,1.01,0.3,0.09,0.61,0.01,0.05,0.25,0.01,0.59,0.02,0.02,0.52,0.04,,
2013-W17,3.07,,0.4,2.19,8.84,1.14,0.36,0.07,0.64,0.01,0.06,0.24,0.02,0.57,0.03,0.05,0.53,0.04,,
2013-W18,2.36,,0.3,1.39,5.99,0.93,0.32,0.05,0.4,0.01,0.05,0.19,0.02,0.42,0.02,0.02,0.47,0.02,,
2013-W19,1.91,,0.47,1.88,8.04,1.55,0.38,0.08,0.61,0.01,0.07,0.26,0.05,0.65,0.01,0.03,0.45,0.06,,
2013-W20,1.87,,0.49,2.38,8.65,1.38,0.5,0.08,0.63,0.01,0.11,0.3,0.03,0.65,0.02,0.02,0.49,0.04,,
2013-W21,1.21,,0.64,2.31,7.63,1.5,0.64,0.1,0.68,0.01,0.15,0.28,0.03,0.71,0.02,0.03,0.51,0.04,,
2013-W22,0.7,,0.7,2.29,6.83,1.54,0.7,0.08,0.72,0.01,0.17,0.31,0.04,0.69,0.02,0.02,0.51,0.03,,
2013-W23,0.43,,0.7,2.15,5.99,1.3,0.99,0.08,0.65,0.01,0.3,0.3,0.03,0.69,0.01,0.04,0.54,0.03,,
2013-W24,0.26,,0.71,2.16,5.47,1.35,1.33,0.1,0.66,0.01,0.41,0.28,0.03,0.61,0.01,0.04,0.57,0.02,,
2013-W25,0.17,,0.71,1.83,4.68,1.17,2.09,0.08,0.66,0.01,0.63,0.33,0.02,0.6,0.01,0.03,0.54,0.02,,
2013-W26,0.13,,0.65,1.78,4.31,1.02,3.38,0.08,0.67,0.01,1.25,0.29,0.03,0.59,0.02,0.05,0.52,0.03,,
2013-W27,0.1,,0.66,1.6,4.18,0.93,4.73,0.1,0.65,0.01,1.78,0.32,0.03,0.65,0.03,0.06,0.47,0.03,,
2013-W28,0.07,,0.65,1.45,3.8,0.97,7.01,0.11,0.63,0.02,2.75,0.34,0.02,0.63,0.01,0.06,0.41,0.03,,
2013-W29,0.05,,0.55,1.05,3.26,0.72,8.09,0.06,0.6,0.01,2.84,0.28,0.01,0.61,0.01,0.08,0.4,0.03,,
2013-W30,0.03,,0.58,1.13,3.34,0.73,8.83,0.05,0.62,0.01,3.38,0.28,0.01,0.69,0.03,0.08,0.42,0.05,,
2013-W31,0.02,,0.58,0.95,3.24,0.66,8.66,0.06,0.64,0.01,3.26,0.28,0.01,0.68,0.02,0.1,0.39,0.03,,
2013-W32,0.02,,0.54,0.8,2.93,0.6,7.95,0.06,0.58,0.01,2.92,0.22,0.01,0.74,0.02,0.09,0.38,0.03,,
2013-W33,0.02,,0.44,0.55,2.12,0.55,5.23,0.04,0.44,0.01,1.84,0.22,0.01,0.61,0.03,0.09,0.45,0.03,,
2013-W34,0.01,,0.47,0.64,2.96,0.54,4.24,0.04,0.62,0.01,1.48,0.22,0.03,0.73,0.03,0.09,0.39,0.03,,
2013-W35,0.02,,0.49,0.68,2.83,0.35,4.25,0.05,0.67,0.01,1.42,0.23,0.02,0.71,0.01,0.07,0.32,0.03,,
2013-W36,0.01,,0.53,0.78,3.06,0.49,3.88,0.04,0.63,0.01,1.15,0.21,0.01,0.76,0.01,0.08,0.32,0.03,,
2013-W37,0.02,,0.53,0.86,3.05,0.46,3.96,0.05,0.61,0.01,1.08,0.23,0.01,0.81,0.01,0.07,0.41,0.01,,
2013-W38,0.02,,0.39,0.74,2.66,0.49,2.94,0.04,0.55,0.01,0.66,0.23,0.01,0.65,0.01,0.07,0.34,0.02,,
2013-W39,0.02,,0.29,0.72,2.62,0.44,1.87,0.04,0.48,0.01,0.4,0.23,0.01,0.61,0.02,0.06,0.33,0.02,,
2013-W40,0.03,,0.29,0.96,3,0.51,1.71,0.04,0.59,0.01,0.33,0.23,0.01,0.54,0.02,0.04,0.36,0.03,,
2013-W41,0.04,,0.31,0.99,3.07,0.57,1.67,0.05,0.6,0.01,0.28,0.23,0,0.48,0.01,0.06,0.39,0.03,,
2013-W42,0.02,,0.25,0.76,2.9,0.55,1.29,0.03,0.49,0.01,0.19,0.22,0.01,0.47,0.03,0.05,0.35,0.02,0,
2013-W43,0.06,,0.28,1.1,3.68,0.54,1.06,0.04,0.54,0.01,0.15,0.22,0.01,0.53,0.01,0.06,0.43,0.04,0,
2013-W44,0.08,,0.33,1.17,4.12,0.84,1.09,0.04,0.53,0.01,0.14,0.21,0.01,0.51,0.02,0.04,0.39,0.03,0.01,
2013-W45,0.11,,0.33,1.11,4.11,0.84,0.79,0.05,0.49,0.01,0.1,0.21,0.01,0.43,0.03,0.04,0.35,0.03,0.02,
2013-W46,0.14,,0.42,1.36,5.74,1.05,0.68,0.06,0.55,0.01,0.08,0.25,0.02,0.56,0.02,0.05,0.39,0.04,0.01,
2013-W47,0.27,,0.46,1.49,6.72,1.15,0.64,0.06,0.49,0.01,0.07,0.22,0.01,0.61,0.02,0.04,0.45,0.03,0.03,
2013-W48,0.44,,0.57,1.9,10.33,1.64,0.59,0.07,0.56,0.01,0.06,0.28,0.01,0.58,0.03,0.03,0.4,0.03,0.05,
2013-W49,0.67,,0.66,2.08,13.11,1.69,0.47,0.08,0.53,0.01,0.05,0.29,0.02,0.56,0.01,0.04,0.36,0.02,0.04,
2013-W50,0.82,,0.73,2.28,15.92,1.85,0.41,0.09,0.5,0.01,0.04,0.26,0.02,0.67,0.02,0.03,0.39,0.02,0.04,
2013-W51,1.39,,0.8,2.38,18.07,2,0.36,0.1,0.47,0.01,0.03,0.29,0.01,0.71,0.01,0.04,0.33,0.03,0.08,
2013-W52,1.9,,0.7,1.74,13.86,1.96,0.24,0.08,0.41,0,0.03,0.23,0.01,0.66,0.01,0.04,0.33,0.03,0.05,
2014-W01,2.16,,0.24,0.55,4.26,1.25,0.08,0.03,0.15,0,0.01,0.15,0,0.23,0.02,0.02,0.1,0,0.07,
2014-W02,5.51,,0.52,1.62,10.96,2.17,0.09,0.13,0.46,0.01,0.02,0.31,0.01,0.85,0.02,0.04,0.27,0.03,0.08,
2014-W03,11.78,,0.35,1.69,10.31,1.1,0.1,0.13,0.48,0.01,0.02,0.2,0.01,0.55,0.01,0.02,0.22,0.01,0.09,
2014-W04,24.81,,0.43,2.19,12.09,1.45,0.13,0.13,0.44,0.01,0.02,0.18,0.02,0.57,0.01,0.04,0.22,0.02,0.14,
2014-W05,34.44,,0.43,2.15,10.44,0.94,0.12,0.13,0.45,0.01,0.01,0.24,0.01,0.59,0.01,0.04,0.23,0.02,0.12,
2014-W06,30.72,,0.41,2.04,8.18,1.15,0.11,0.08,0.41,0.01,0.01,0.2,0.01,0.56,0.02,0.04,0.23,0.03,0.13,
2014-W07,28.18,,0.36,1.75,6.22,1.06,0.09,0.08,0.36,0.01,0.01,0.2,0.01,0.54,0.01,0.03,0.2,0.02,0.15,
2014-W08,27.36,,0.35,2.13,6.5,1.11,0.07,0.1,0.41,0.01,0.01,0.23,0.01,0.51,0.01,0.02,0.21,0.01,0.12,
2014-W09,28.44,,0.37,2.29,6.78,1,0.09,0.12,0.43,0.01,0.02,0.22,0.01,0.45,0.01,0.02,0.26,0.02,0.18,
2014-W10,22.93,,0.34,2.19,6.52,1.03,0.08,0.11,0.43,0.01,0.02,0.24,0.01,0.44,0.02,0.02,0.26,0.02,0.17,
2014-W11,22.79,,0.32,2.15,6.74,0.96,0.09,0.13,0.42,0.01,0.02,0.23,0.02,0.51,0.02,0.04,0.21,0.01,0.18,
2014-W12,18.59,,0.31,1.83,5.87,0.88,0.08,0.11,0.42,0.01,0.01,0.2,0.02,0.46,0.01,0.03,0.17,0.02,0.28,
2014-W13,12.13,,0.33,1.68,5.7,1.01,0.08,0.13,0.45,0.01,0.03,0.25,0.02,0.49,0.02,0.03,0.24,0.01,0.28,
2014-W14,6.13,,0.28,1.43,5.07,0.97,0.1,0.12,0.5,0.01,0.03,0.23,0.02,0.47,0.03,0.01,0.19,0.01,0.26,
2014-W15,4.18,,0.31,1.59,5.76,0.91,0.12,0.14,0.53,0.01,0.04,0.23,0.01,0.48,0.01,0.04,0.2,0.01,0.39,
2014-W16,4.65,,0.37,2.12,7.61,0.88,0.12,0.16,0.62,0.01,0.06,0.25,0.01,0.52,0.02,0.03,0.26,0,0.55,
2014-W17,4.03,,0.48,2.37,8.58,0.92,0.16,0.15,0.62,0.01,0.09,0.23,0.01,0.59,0.01,0.03,0.23,0.02,0.7,
2014-W18,2.52,,0.49,1.95,7.21,1.04,0.16,0.15,0.54,0.01,0.07,0.23,0.01,0.53,0.03,0.03,0.29,0.02,0.8,
2014-W19,1.09,,0.46,1.63,6.36,1.23,0.14,0.12,0.48,0.01,0.08,0.26,0.01,0.51,0.01,0.02,0.18,0.01,0.58,
2014-W20,0.83,,0.59,2.78,8.74,1.26,0.18,0.24,0.64,0.01,0.17,0.29,0.01,0.66,0.01,0.03,0.29,0.02,0.67,
2014-W21,0.56,,0.62,2.87,8.83,1.15,0.25,0.24,0.65,0.01,0.25,0.29,0.01,0.58,0.02,0.03,0.26,0.01,0.63,
2014-W22,0.35,,0.75,2.94,8.09,1.35,0.33,0.29,0.69,0.02,0.36,0.32,0.01,0.59,0.02,0.03,0.28,0.01,0.47,
2014-W23,0.17,,0.85,2.63,6.65,1.35,0.39,0.25,0.7,0.02,0.48,0.35,0.01,0.64,0.01,0.05,0.25,0.01,0.31,
2014-W24,0.13,,0.82,2.55,5.8,1.28,0.48,0.28,0.65,0.02,0.85,0.31,0,0.68,0.01,0.05,0.29,0.01,0.2,
2014-W25,0.1,,0.84,2.47,5.46,1.13,0.58,0.33,0.67,0.02,1.31,0.35,0.01,0.66,0.02,0.05,0.26,0.01,0.14,
2014-W26,0.07,,0.83,2.36,4.99,1.03,0.66,0.36,0.67,0.02,1.74,0.37,0.01,0.63,0.02,0.06,0.26,0.01,0.11,
2014-W27,0.07,,0.76,2.13,4.62,0.95,0.78,0.32,0.67,0.02,2.54,0.4,0.01,0.67,0.02,0.07,0.29,0,0.07,
2014-W28,0.04,,0.76,1.99,4.28,0.83,0.96,0.37,0.64,0.02,3.73,0.38,0.01,0.71,0.01,0.05,0.26,0.01,0.06,
2014-W29,0.04,,0.75,1.67,3.89,0.77,1.24,0.29,0.65,0.02,4.94,0.39,0.02,0.6,0.03,0.07,0.24,0.01,0.02,
2014-W30,0.03,,0.59,1.14,3.21,0.69,1.11,0.24,0.58,0.02,4.12,0.34,0.01,0.61,0.03,0.03,0.21,0.01,0.01,
2014-W31,0.03,,0.6,1.09,3.41,0.64,1.12,0.21,0.62,0.02,4.39,0.34,0.03,0.69,0.03,0.05,0.24,0,0.01,
2014-W32,0.02,,0.55,0.95,3.26,0.57,1.01,0.18,0.63,0.02,3.72,0.33,0.01,0.77,0.01,0.04,0.24,0.01,0.01,
2014-W33,0.02,,0.4,0.62,2.43,0.49,0.77,0.1,0.46,0.01,2.43,0.27,0.01,0.48,0.01,0.04,0.25,0.01,0,
2014-W34,0.02,,0.46,0.78,3.22,0.56,0.86,0.2,0.63,0.02,2.25,0.33,0.02,0.89,0.02,0.04,0.22,0.01,0,
2014-W35,0.03,,0.41,0.83,3.28,0.42,1.03,0.14,0.64,0.02,2.25,0.3,0.01,0.74,0.01,0.05,0.24,0.01,0.01,
2014-W36,0.04,,0.46,0.99,3.43,0.45,1.11,0.2,0.65,0.01,1.99,0.27,0.01,0.58,0.01,0.03,0.23,0,0.01,
2014-W37,0.05,,0.43,1.09,3.3,0.5,1.11,0.15,0.61,0.01,1.69,0.31,0.01,0.63,0.01,0.06,0.3,0.01,0.01,
2014-W38,0.04,,0.32,0.99,2.9,0.46,0.83,0.15,0.54,0.01,0.93,0.29,0.01,0.51,0.01,0.03,0.24,0.01,0.02,
2014-W39,0.07,,0.27,1.19,2.92,0.56,0.66,0.15,0.55,0.01,0.63,0.29,0,0.48,0.01,0.04,0.28,0.01,0,
2014-W40,0.07,,0.27,1.26,3.13,0.59,0.71,0.16,0.56,0.01,0.5,0.3,0.01,0.55,0.01,0.04,0.26,0.01,0.01,
2014-W41,0.06,,0.27,1.28,3.12,0.63,0.78,0.15,0.57,0.01,0.38,0.28,0.01,0.49,0.02,0.05,0.33,0.01,0.01,
2014-W42,0.04,,0.25,1.19,2.98,0.63,0.59,0.14,0.53,0.01,0.23,0.28,0.01,0.52,0.03,0.02,0.29,0.01,0.01,
2014-W43,0.07,,0.3,1.66,3.62,0.76,0.6,0.19,0.57,0.02,0.18,0.3,0,0.48,0.01,0.05,0.32,0.01,0,
2014-W44,0.16,,0.37,1.91,4.23,0.84,0.75,0.23,0.57,0.01,0.17,0.28,0.01,0.5,0.01,0.03,0.33,0.02,0.02,
2014-W45,0.22,,0.39,1.7,4.19,0.97,0.65,0.19,0.53,0.01,0.13,0.28,0,0.43,0.01,0.02,0.27,0.02,0.01,
2014-W46,0.37,,0.5,2.17,5.78,1.01,0.71,0.25,0.55,0.01,0.11,0.31,0.01,0.5,0.01,0.04,0.33,0.01,0.01,
2014-W47,0.94,,0.53,2.49,7.42,1.1,0.81,0.29,0.55,0.01,0.09,0.28,0.01,0.55,0.01,0.02,0.38,0.01,0.02,
2014-W48,1.9,,0.53,2.4,7.66,1.17,0.65,0.28,0.5,0.01,0.08,0.3,0.01,0.57,0.03,0.01,0.33,0.01,0.03,
2014-W49,3.49,,0.62,2.83,9.63,1.22,0.74,0.33,0.51,0.01,0.09,0.33,0.01,0.6,0.02,0.03,0.42,0.01,0.04,
2014-W50,7.38,,0.66,2.99,10.8,1.25,0.78,0.42,0.48,0.01,0.07,0.3,0.01,0.6,0.02,0.03,0.33,0.02,0.08,
2014-W51,15.17,,0.65,2.89,11.49,1.26,0.7,0.36,0.44,0.01,0.06,0.32,0.01,0.54,0.01,0.03,0.31,0.01,0.09,
2014-W52,26.63,,0.55,2.31,10.26,1.09,0.58,0.32,0.39,0.01,0.05,0.31,0.01,0.54,0.01,0.01,0.28,0.02,0.06,
2015-W01,21.46,,0.21,0.74,3.47,0.57,0.15,0.1,0.15,0,0.01,0.14,0,0.22,0.01,0.01,0.11,0,0.08,
2015-W02,33.28,,0.39,1.81,8.2,1.1,0.26,0.44,0.43,0.01,0.02,0.43,0.02,0.73,0.01,0.03,0.28,0.01,0.07,
2015-W03,37,,0.23,1.84,7.39,0.52,0.23,0.43,0.42,0.01,0.02,0.26,0.01,0.46,0.02,0.03,0.27,0,0.14,
2015-W04,39.42,,0.3,2.34,8.12,0.61,0.3,0.45,0.43,0.01,0.02,0.22,0.02,0.42,0.02,0.02,0.23,0.01,0.15,
2015-W05,29.11,,0.26,2.44,7.55,0.44,0.34,0.39,0.41,0.01,0.02,0.3,0.02,0.39,0.02,0.04,0.22,0.01,0.15,
2015-W06,19.03,,0.31,2.57,7.22,0.51,0.37,0.35,0.4,0.01,0.02,0.23,0.01,0.36,0.01,0.03,0.2,0.02,0.15,
2015-W07,12.15,,0.27,2.49,6.75,0.47,0.31,0.3,0.42,0.01,0.02,0.27,0.01,0.35,0.02,0.02,0.21,0.01,0.27,
2015-W08,8.26,,0.31,2.88,7.54,0.5,0.3,0.3,0.43,0.01,0.02,0.3,0.01,0.4,0.02,0.02,0.2,0.01,0.31,
2015-W09,5.88,,0.29,3.01,7.81,0.45,0.35,0.34,0.46,0.01,0.02,0.28,0.01,0.43,0.01,0.03,0.23,0.01,0.3,
2015-W10,4.32,,0.32,3.11,8.07,0.51,0.41,0.37,0.46,0.01,0.02,0.33,0.01,0.4,0.01,0.03,0.23,0.03,0.42,
2015-W11,3.99,,0.33,3.12,8.22,0.51,0.44,0.39,0.45,0.01,0.03,0.33,0.01,0.43,0.02,0.04,0.2,0.03,0.4,
2015-W12,3.85,,0.34,2.94,7.3,0.48,0.42,0.41,0.44,0.01,0.03,0.3,0.02,0.33,0.03,0.03,0.23,0.02,0.5,
2015-W13,2.63,,0.32,2.69,6.6,0.53,0.5,0.44,0.48,0.01,0.04,0.37,0.01,0.45,0.02,0.03,0.25,0.01,0.49,
2015-W14,2.14,,0.31,2.13,6.13,0.53,0.45,0.46,0.48,0.01,0.04,0.34,0.01,0.53,0.02,0.02,0.21,0.01,0.58,
2015-W15,1.57,,0.27,2.2,5.82,0.46,0.54,0.45,0.54,0.01,0.06,0.35,0.02,0.48,0.02,0.04,0.2,0,0.47,
2015-W16,2.06,,0.33,2.87,6.84,0.4,0.77,0.73,0.57,0.01,0.07,0.39,0.01,0.44,0.02,0.04,0.24,0,0.47,
2015-W17,2.02,,0.48,3.18,7.19,0.46,1.06,0.78,0.62,0.02,0.1,0.34,0.01,0.49,0.02,0.03,0.28,0.02,0.53,
2015-W18,1.43,,0.57,3.03,6.6,0.5,1.15,0.79,0.61,0.02,0.14,0.41,0.02,0.56,0.02,0.04,0.26,0.02,0.55,
2015-W19,0.71,,0.37,1.64,4.07,0.44,0.76,0.36,0.42,0.01,0.09,0.33,0.01,0.41,0.02,0.03,0.22,0.02,0.36,
2015-W20,0.59,,0.56,3.43,6.76,0.5,1.08,0.72,0.64,0.02,0.19,0.41,0.01,0.59,0.01,0.03,0.25,0.02,0.37,
2015-W21,0.51,,0.64,3.4,7,0.4,1.67,0.74,0.66,0.02,0.31,0.43,0.02,0.58,0.02,0.03,0.26,0.02,0.35,
2015-W22,0.4,,0.79,3.6,7.17,0.53,2.01,0.86,0.66,0.02,0.37,0.42,0.01,0.53,0.03,0.04,0.2,0.01,0.31,
2015-W23,0.25,,0.79,3.39,6.5,0.49,1.87,0.65,0.67,0.03,0.46,0.48,0.01,0.65,0.03,0.04,0.24,0.01,0.22,
2015-W24,0.17,,0.77,3.64,7.1,0.42,2.67,0.92,0.64,0.02,0.68,0.43,0.02,0.71,0.01,0.04,0.25,0.02,0.2,
2015-W25,0.13,,0.82,3.13,6.19,0.45,3.49,0.89,0.65,0.02,1.1,0.49,0.02,0.75,0.01,0.05,0.27,0.01,0.13,
2015-W26,0.11,,0.74,3.03,5.8,0.45,4.56,1.12,0.68,0.02,1.49,0.56,0.01,0.77,0.01,0.03,0.26,0.02,0.08,
2015-W27,0.1,,0.67,2.97,5.28,0.4,5.48,1,0.61,0.03,1.92,0.55,0.01,0.84,0.01,0.03,0.3,0.02,0.05,
2015-W28,0.09,,0.64,2.99,5.08,0.42,7.39,1.21,0.62,0.02,2.65,0.58,0.02,0.71,0.01,0.05,0.25,0.01,0.04,
2015-W29,0.1,,0.56,2.48,4.4,0.42,10.16,1.16,0.59,0.02,3.34,0.56,0.01,0.75,0.02,0.06,0.35,0.01,0.05,
2015-W30,0.08,,0.46,1.73,3.42,0.34,9.38,0.79,0.55,0.02,2.82,0.52,0.01,0.84,0.03,0.08,0.33,0.01,0.02,
2015-W31,0.06,,0.5,1.7,3.58,0.3,10.26,0.71,0.59,0.02,3.05,0.58,0.01,0.86,0.01,0.08,0.35,0.01,0.01,
2015-W32,0.05,,0.47,1.46,3.4,0.29,8.95,0.62,0.6,0.02,2.61,0.53,0.02,0.88,0.02,0.06,0.4,0.01,0.02,
2015-W33,0.05,,0.36,1.03,2.47,0.22,5.9,0.38,0.44,0.01,1.7,0.44,0.01,0.64,0.03,0.07,0.5,0.01,0.02,
2015-W34,0.05,,0.43,1.16,3.13,0.26,5.64,0.52,0.56,0.02,1.47,0.53,0.01,1.15,0.03,0.08,0.5,0.01,0.01,
2015-W35,0.06,,0.38,1.24,3.07,0.24,5.66,0.54,0.61,0.02,1.45,0.51,0.03,1.09,0.03,0.07,0.47,0.03,0.01,
2015-W36,0.06,,0.35,1.45,3.4,0.24,5.1,0.58,0.6,0.02,1.2,0.48,0.01,1.08,0.01,0.08,0.5,0.02,0.01,
2015-W37,0.07,,0.34,1.6,3.32,0.24,4.99,0.52,0.57,0.02,1.02,0.52,0.01,1.08,0.01,0.07,0.47,0.01,0.01,
2015-W38,0.06,,0.31,1.69,3.17,0.28,4.48,0.47,0.56,0.02,0.81,0.54,0.01,1.04,0.01,0.07,0.56,0.02,0.01,
2015-W39,0.05,,0.18,0.94,2.01,0.25,2.41,0.29,0.35,0.01,0.34,0.45,0.01,0.84,0.03,0.04,0.5,0.01,0,
2015-W40,0.04,,0.27,1.61,3.12,0.31,2.25,0.45,0.52,0.01,0.37,0.6,0.01,1.09,0.02,0.06,0.7,0.03,0.01,
2015-W41,0.06,,0.25,1.8,3.25,0.27,1.73,0.44,0.48,0.02,0.27,0.58,0.01,0.91,0.02,0.04,0.68,0.03,0.02,
2015-W42,0.08,,0.26,1.72,3.3,0.33,1.09,0.4,0.46,0.02,0.14,0.56,0.01,0.81,0.01,0.04,0.61,0.01,0.02,
2015-W43,0.1,,0.31,2.2,4.33,0.36,0.84,0.51,0.51,0.02,0.11,0.68,0.01,0.95,0.02,0.03,0.75,0.02,0.02,
2015-W44,0.11,,0.33,2.28,5.06,0.41,0.64,0.47,0.52,0.02,0.1,0.54,0.02,0.88,0.01,0.05,0.64,0.03,0.03,
2015-W45,0.13,,0.35,2.29,5.72,0.44,0.52,0.59,0.5,0.02,0.06,0.65,0.01,0.76,0.03,0.04,0.68,0.01,0.07,
2015-W46,0.14,,0.39,2.59,6.88,0.55,0.37,0.59,0.52,0.02,0.06,0.7,0.01,0.83,0.02,0.03,0.76,0.03,0.03,
2015-W47,0.19,,0.47,2.76,7.18,0.6,0.39,0.78,0.53,0.02,0.07,0.67,0,0.9,0.03,0.04,0.68,0.03,0.04,
2015-W48,0.17,,0.46,2.35,6.42,0.65,0.27,0.61,0.45,0.02,0.05,0.77,0.01,0.86,0.01,0.04,0.66,0.02,0.04,
2015-W49,0.21,,0.58,3.12,8.66,0.74,0.23,0.79,0.48,0.01,0.05,0.81,0.02,0.85,0.02,0.04,0.85,0.02,0.07,
2015-W50,0.34,,0.64,3.34,10.14,0.7,0.18,0.8,0.46,0.01,0.04,0.85,0.01,0.81,0.02,0.05,0.8,0.03,0.08,
2015-W51,0.46,,0.69,3.54,10.67,0.87,0.13,0.72,0.43,0.02,0.04,0.94,0.01,0.85,0.02,0.04,0.77,0.02,0.09,
2015-W52,0.76,,0.65,3.12,10.11,0.78,0.11,0.83,0.39,0.01,0.03,0.88,0.01,0.87,0.02,0.03,0.68,0.03,0.1,
2015-W53,0.89,,0.33,1.29,4.49,0.47,0.04,0.32,0.21,0.01,0.01,0.56,0.01,0.39,0.02,0.02,0.43,0.01,0.09,
2016-W01,2.02,,0.54,2.16,7.74,0.87,0.05,0.83,0.39,0.01,0.01,1.2,0.01,1.01,0.02,0.03,0.91,0.02,0.12,
2016-W02,4.11,,0.36,2.35,7.71,0.47,0.04,0.8,0.45,0.01,0.02,0.88,0.01,0.73,0.02,0.03,0.72,0.03,0.18,
2016-W03,10.56,,0.41,3.03,8.09,0.48,0.04,0.77,0.41,0.02,0.02,0.66,0.01,0.69,0.02,0.05,0.58,0.02,0.2,
2016-W04,22.57,,0.41,3.36,7.77,0.39,0.05,0.76,0.38,0.01,0.01,0.85,0,0.68,0.01,0.04,0.52,0.02,0.27,
2016-W05,34.66,,0.38,3.63,7.55,0.4,0.03,0.59,0.38,0.01,0.02,0.75,0.01,0.72,0,0.03,0.55,0.01,0.36,
2016-W06,39.97,,0.37,3.31,6.72,0.37,0.03,0.52,0.35,0.01,0.01,0.73,0.01,0.61,0.01,0.03,0.48,0.03,0.46,
2016-W07,37.16,,0.36,3.27,6.66,0.4,0.02,0.44,0.37,0.01,0.01,0.85,0.01,0.6,0.02,0.02,0.52,0.01,0.43,
2016-W08,36.12,,0.32,3.21,6.31,0.34,0.02,0.46,0.34,0.01,0.01,0.8,0.01,0.57,0.01,0.03,0.48,0.03,0.45,
2016-W09,35.35,,0.3,2.99,6.49,0.35,0.03,0.49,0.35,0.01,0.01,0.79,0.01,0.55,0.02,0.04,0.44,0.03,0.57,
2016-W10,28.2,,0.28,2.82,6.27,0.32,0.02,0.42,0.36,0.01,0.01,0.86,0.02,0.57,0.01,0.04,0.5,0.02,0.57,
2016-W11,21.13,,0.29,2.71,5.95,0.33,0.02,0.42,0.36,0.01,0.02,0.79,0.01,0.46,0.01,0.04,0.44,0.02,0.56,
2016-W12,13.81,,0.21,2,4.88,0.32,0.02,0.29,0.34,0.01,0.01,0.8,0.01,0.47,0.01,0.03,0.35,0.01,0.55,
2016-W13,11.2,,0.22,1.97,5.51,0.37,0.02,0.33,0.4,0.01,0.01,0.9,0.01,0.51,0.01,0.03,0.4,0.01,0.68,
2016-W14,7.02,,0.23,1.85,5.35,0.34,0.02,0.34,0.45,0.01,0.02,0.81,0.02,0.57,0.03,0.04,0.33,0.01,0.68,
2016-W15,5.06,,0.27,2.3,5.79,0.3,0.03,0.37,0.48,0.02,0.04,0.82,0.01,0.55,0.02,0.04,0.31,0.01,0.72,
2016-W16,4.22,,0.35,2.63,6.54,0.35,0.05,0.38,0.56,0.02,0.04,0.74,0.01,0.64,0.02,0.09,0.36,0,0.63,
2016-W17,2.51,,0.4,2.41,5.98,0.36,0.06,0.34,0.55,0.02,0.05,0.8,0.02,0.68,0.02,0.03,0.47,0.01,0.61,
2016-W18,1.24,,0.41,1.65,4.37,0.38,0.06,0.29,0.44,0.01,0.06,0.76,0.02,0.59,0.03,0.04,0.43,0.01,0.48,
2016-W19,0.68,,0.54,2.56,5.88,0.51,0.09,0.36,0.57,0.02,0.11,0.95,0.01,0.75,0.02,0.06,0.44,0.01,0.38,
2016-W20,0.48,,0.56,2.83,6.16,0.36,0.14,0.42,0.58,0.02,0.21,0.95,0.01,0.66,0.02,0.06,0.53,0.02,0.37,
2016-W21,0.29,,0.73,2.97,6.29,0.56,0.18,0.42,0.65,0.02,0.25,0.85,0.02,0.65,0.02,0.06,0.56,0.01,0.3,
2016-W22,0.17,,0.75,2.92,5.95,0.43,0.19,0.35,0.63,0.03,0.42,1.11,0.01,0.66,0.03,0.05,0.55,0.01,0.21,
2016-W23,0.13,,0.79,3.15,6.27,0.45,0.26,0.45,0.57,0.03,0.53,0.94,0.01,0.67,0.02,0.07,0.58,0.02,0.17,
2016-W24,0.07,,0.72,2.82,5.82,0.48,0.35,0.41,0.57,0.03,0.91,1.06,0.01,0.74,0.03,0.07,0.64,0,0.16,
2016-W25,0.04,,0.7,2.75,5.42,0.44,0.41,0.44,0.62,0.03,1.48,1.13,0,0.81,0.03,0.05,0.7,0.01,0.09,
2016-W26,0.03,,0.69,2.68,4.98,0.45,0.48,0.41,0.6,0.02,2.26,1.06,0.02,0.75,0.02,0.06,0.64,0.01,0.07,
2016-W27,0.03,,0.61,2.54,4.55,0.38,0.64,0.4,0.55,0.03,3.14,1.21,0.02,0.85,0.02,0.07,0.77,0.02,0.07,
2016-W28,0.03,,0.57,2.42,4.44,0.38,0.73,0.33,0.56,0.02,4.05,1.27,0.01,0.84,0.03,0.11,0.91,0.01,0.03,
2016-W29,0.02,,0.48,1.74,3.51,0.32,0.71,0.28,0.47,0.02,3.52,1.22,0.01,0.77,0.02,0.09,0.79,0.01,0.01,
2016-W30,0.02,,0.47,1.77,3.73,0.31,0.71,0.28,0.53,0.03,3.85,1.31,0.01,0.84,0.02,0.07,1,0.01,0.01,
2016-W31,0.02,,0.42,1.53,3.59,0.28,0.75,0.24,0.49,0.02,3.62,1.17,0.01,0.81,0.03,0.07,0.93,0.01,0.01,
2016-W32,0.03,,0.36,1.08,2.89,0.26,0.57,0.16,0.42,0.02,2.58,1.05,0.01,0.62,0.02,0.08,0.93,0.01,0.01,
2016-W33,0.02,,0.38,0.97,2.99,0.26,0.5,0.14,0.46,0.02,1.47,1.09,0.01,0.79,0.02,0.09,0.88,0.01,0.01,
2016-W34,0.03,,0.36,1.12,3.5,0.25,0.62,0.17,0.54,0.02,1.86,1.06,0.01,0.95,0.02,0.07,0.86,0.02,0,
2016-W35,0.03,,0.43,1.26,3.9,0.22,0.7,0.17,0.54,0.03,1.95,0.94,0.01,0.9,0.02,0.11,0.88,0,0.01,
2016-W36,0.05,,0.39,1.44,3.76,0.26,0.73,0.17,0.55,0.03,1.67,0.99,0.01,1,0.05,0.06,0.85,0.01,0.02,
2016-W37,0.09,,0.37,1.6,3.71,0.27,0.8,0.13,0.55,0.02,1.43,1.07,0.02,0.96,0.01,0.08,0.95,0.02,0.01,
2016-W38,0.12,,0.25,1.2,2.94,0.26,0.79,0.1,0.44,0.02,0.88,0.94,0.01,0.83,0.03,0.07,0.84,0.01,0.01,
2016-W39,0.16,,0.28,1.5,3.64,0.28,1.08,0.15,0.49,0.03,0.98,1.2,0.03,1.01,0.02,0.07,1.18,0.02,0.01,
2016-W40,0.23,,0.26,1.61,3.69,0.29,1.39,0.12,0.47,0.02,1.02,1.11,0.01,0.97,0.04,0.06,1.33,0.02,0.01,
2016-W41,0.24,,0.21,1.28,3.43,0.26,1.09,0.09,0.41,0.02,0.55,0.94,0.01,0.77,0.02,0.05,1.23,0.01,0.01,
2016-W42,0.37,,0.22,1.72,4.36,0.29,1.04,0.13,0.43,0.02,0.4,1.27,0,0.89,0.02,0.08,1.61,0,0.02,
2016-W43,0.47,,0.25,1.69,5.26,0.37,1.06,0.09,0.45,0.02,0.32,0.97,0,0.87,0.03,0.05,1.46,0.01,0.02,
2016-W44,0.59,,0.24,1.7,6.41,0.33,0.91,0.1,0.41,0.02,0.25,1.05,0.01,0.68,0.01,0.04,1.12,0.01,0.02,
2016-W45,0.84,,0.28,1.99,9.37,0.47,0.73,0.1,0.43,0.02,0.17,1.07,0,0.72,0.03,0.05,1.33,0.02,0.02,
2016-W46,1.38,,0.31,2.22,13.12,0.51,0.73,0.12,0.43,0.01,0.14,0.96,-,0.71,0.01,0.04,1.32,0.02,0.04,
2016-W47,1.79,,0.37,2.09,12.85,0.6,0.7,0.13,0.42,0.01,0.13,0.98,0.01,0.71,0.02,0.06,0.98,0.03,0.02,
2016-W48,2.49,,0.43,2.41,17.37,0.62,0.61,0.13,0.45,0.01,0.12,1.05,0.01,0.72,0.01,0.05,1.13,0.01,0.02,
2016-W49,3.31,,0.46,2.56,19.45,0.65,0.52,0.13,0.38,0.02,0.09,0.99,0.01,0.67,0.01,0.03,1.21,0.01,0.05,
2016-W50,5.02,,0.51,2.72,20.89,0.65,0.43,0.13,0.4,0.01,0.09,0.97,0.01,0.71,0,0.05,1.01,0.02,0.06,
2016-W51,8.38,,0.48,2.36,17.28,0.6,0.39,0.13,0.38,0.01,0.07,0.88,0.01,0.69,0.01,0.03,0.84,0.02,0.05,
2016-W52,8.54,,0.39,1.54,9.64,0.51,0.24,0.08,0.27,0.01,0.05,0.72,0.01,0.54,0.01,0.02,0.76,0,0.07,
2017-W01,10.58,,0.31,1.06,5.31,0.57,0.16,0.09,0.26,0.01,0.03,0.83,0.01,0.58,0.01,0.03,0.67,0.01,0.05,
2017-W02,15.25,,0.29,1.45,6.48,0.43,0.14,0.09,0.38,0.01,0.03,0.85,0.02,0.59,0.02,0.03,0.72,0.02,0.06,
2017-W03,28.66,,0.3,1.99,7,0.35,0.22,0.11,0.41,0.01,0.03,0.59,0.01,0.55,0.02,0.03,0.62,0.01,0.07,
2017-W04,39.41,,0.31,2.17,6.36,0.34,0.17,0.09,0.36,0.01,0.03,0.59,0,0.49,0.01,0.03,0.51,0.02,0.1,
2017-W05,38.14,,0.36,2.32,5.8,0.28,0.16,0.08,0.37,0.01,0.02,0.66,0,0.47,0.03,0.02,0.49,0.02,0.08,
2017-W06,28.57,,0.31,2.17,5.01,0.28,0.14,0.06,0.33,0.01,0.02,0.53,0.01,0.41,0.02,0.03,0.42,0.01,0.1,
2017-W07,23.92,,0.36,2.5,5.42,0.33,0.15,0.08,0.39,0.01,0.02,0.64,0.01,0.44,0.01,0.03,0.38,0.01,0.17,
2017-W08,16.87,,0.37,2.46,5.3,0.33,0.13,0.07,0.39,0.01,0.02,0.63,0.01,0.44,0.01,0.03,0.37,0.01,0.25,
2017-W09,13.55,,0.4,2.43,5.4,0.33,0.11,0.07,0.37,0.01,0.02,0.61,0,0.46,0.02,0.03,0.34,0.01,0.32,
2017-W10,11.09,,0.39,2.61,5.59,0.35,0.13,0.08,0.4,0.01,0.02,0.65,0.02,0.45,0.02,0.03,0.34,0.01,0.39,
2017-W11,10.33,,0.39,2.6,5.8,0.37,0.11,0.07,0.43,0.01,0.02,0.62,0.01,0.46,0.02,0.04,0.28,0.01,0.59,
2017-W12,7.71,,0.33,2.08,5.01,0.36,0.11,0.06,0.37,0,0.02,0.57,0.01,0.45,0.03,0.03,0.24,0,0.59,
2017-W13,6.78,,0.31,1.98,5.38,0.35,0.13,0.07,0.4,0.01,0.02,0.58,0,0.53,0.02,0.03,0.26,0,0.61,
2017-W14,5.06,,0.31,1.92,5.63,0.35,0.13,0.08,0.47,0.01,0.04,0.57,0.02,0.55,0.02,0.03,0.19,0.01,0.77,
2017-W15,3.98,,0.32,2.2,6.02,0.32,0.26,0.07,0.47,0.01,0.04,0.58,0.01,0.53,0.01,0.03,0.18,0.02,0.79,
2017-W16,4.06,,0.42,2.65,6.65,0.3,0.39,0.08,0.57,0.01,0.06,0.49,0.02,0.58,0.03,0.03,0.23,0.01,0.84,
2017-W17,3.13,,0.48,2.69,6.6,0.36,0.43,0.07,0.52,0.01,0.07,0.53,0.01,0.56,0.04,0.03,0.25,0.01,0.84,
2017-W18,2.03,,0.43,2.01,5.15,0.3,0.44,0.06,0.41,0,0.06,0.44,0.01,0.57,0.01,0.03,0.21,0,0.63,
2017-W19,1.37,,0.66,2.94,7.23,0.56,0.52,0.08,0.58,0.01,0.1,0.58,0.02,0.91,0.03,0.04,0.25,0,0.67,
2017-W20,1.05,,0.65,3.17,7.3,0.35,0.86,0.08,0.57,0.01,0.19,0.6,0.02,0.82,0.03,0.04,0.22,0.01,0.49,
2017-W21,0.68,,0.91,3.26,7.23,0.51,0.97,0.1,0.58,0.01,0.23,0.46,0.01,0.87,0.01,0.04,0.24,0.01,0.42,
2017-W22,0.42,,0.95,3.33,6.74,0.46,1.34,0.1,0.57,0.01,0.35,0.56,0.02,0.85,0.02,0.04,0.25,0.01,0.3,
2017-W23,0.31,,0.97,3.45,6.58,0.42,1.59,0.08,0.55,0.01,0.43,0.5,0.01,0.87,0.01,0.04,0.21,0.01,0.22,
2017-W24,0.26,,0.97,3.59,7.08,0.42,2.07,0.1,0.54,0.02,0.56,0.49,0.02,0.84,0.01,0.03,0.2,0.01,0.25,
2017-W25,0.23,,0.98,3.45,6.69,0.42,2.41,0.1,0.55,0.01,0.66,0.57,0.01,0.77,0.02,0.05,0.24,0.02,0.19,
2017-W26,0.2,,0.93,3.03,6.05,0.45,3.53,0.11,0.57,0.01,0.93,0.53,0.01,0.79,0.01,0.04,0.22,0.01,0.11,
2017-W27,0.18,,0.93,2.68,5.26,0.4,5.74,0.12,0.57,0.01,1.5,0.52,0.02,0.82,0.02,0.05,0.25,0.01,0.07,
2017-W28,0.2,,0.83,2.37,4.87,0.35,8.27,0.11,0.55,0.01,2.24,0.52,0.01,0.88,0.02,0.04,0.25,0,0.04,
2017-W29,0.19,,0.71,1.75,3.77,0.29,8.93,0.08,0.49,0.01,2.23,0.44,0.02,0.82,0.02,0.03,0.25,0.01,0.02,
2017-W30,0.19,,0.77,1.72,3.94,0.29,9.82,0.08,0.52,0.01,2.62,0.51,0.01,0.96,0.02,0.06,0.25,0,0.02,
2017-W31,0.2,,0.71,1.5,3.76,0.27,9.51,0.08,0.48,0.01,2.43,0.47,0.01,0.99,0.03,0.07,0.25,0.01,0.02,
2017-W32,0.17,,0.52,1.05,2.87,0.22,7.12,0.04,0.37,0.01,1.7,0.38,0,0.75,0.02,0.05,0.24,0.01,0.01,
2017-W33,0.14,,0.49,0.93,2.71,0.23,5.54,0.05,0.37,0.01,1.19,0.38,0.01,0.85,0.03,0.06,0.29,0.01,0.01,
2017-W34,0.12,,0.45,1.14,3.28,0.21,5.87,0.07,0.45,0.01,1.54,0.39,0.02,1.07,0.02,0.06,0.26,0.01,0,
2017-W35,0.17,,0.48,1.22,3.37,0.2,5.58,0.07,0.46,0.01,1.41,0.36,0.01,1,0.04,0.04,0.32,0.01,0.01,
2017-W36,0.18,,0.51,1.45,3.32,0.2,4.17,0.06,0.48,0.01,1.06,0.37,0.02,0.98,0.02,0.08,0.27,0.01,0.02,
2017-W37,0.22,,0.46,1.54,3.29,0.2,3.88,0.06,0.45,0.01,0.97,0.39,0.01,1,0.02,0.05,0.32,0.01,0.01,
2017-W38,0.18,,0.38,1.2,2.6,0.2,2.67,0.04,0.38,0.01,0.56,0.31,0.01,0.85,0.03,0.04,0.3,0.02,0,
2017-W39,0.21,,0.41,1.53,3.08,0.24,2.36,0.06,0.44,0.01,0.58,0.39,0,1.05,0.02,0.05,0.36,0,0.01,
2017-W40,0.21,,0.44,1.67,3.15,0.23,2.12,0.04,0.42,0.01,0.49,0.33,0.01,0.85,0.02,0.03,0.32,0.01,0.01,
2017-W41,0.17,,0.39,1.44,2.86,0.24,1.86,0.06,0.41,0.01,0.36,0.3,0.01,0.79,0.02,0.03,0.35,0,0,
2017-W42,0.24,,0.44,1.8,3.36,0.33,1.78,0.05,0.41,0.01,0.41,0.34,0.01,0.82,0.03,0.04,0.37,0.01,0.01,
2017-W43,0.36,,0.53,1.97,3.63,0.29,2.07,0.07,0.44,0.02,0.4,0.31,0.01,0.74,0.01,0.04,0.32,0.01,0.01,
2017-W44,0.49,,0.51,1.88,3.47,0.47,1.62,0.05,0.4,0.02,0.31,0.28,0.01,0.7,0.02,0.02,0.39,0.01,0.01,
2017-W45,0.52,,0.63,2.19,4.27,0.44,1.41,0.07,0.43,0.01,0.24,0.38,0.01,0.85,0.04,0.05,0.52,0.01,0.01,
2017-W46,0.77,,0.67,2.5,4.89,0.56,1.28,0.06,0.43,0.01,0.23,0.31,0.02,0.83,0.02,0.05,0.54,0.01,0.01,
2017-W47,1.47,,0.69,2.44,5.48,0.47,1.23,0.08,0.42,0.01,0.18,0.27,0,0.71,0.03,0.03,0.34,0.01,0.02,
2017-W48,2.58,,0.82,2.88,6.94,0.61,0.94,0.09,0.43,0.01,0.14,0.31,0.01,0.84,0.02,0.02,0.39,0.01,0.01,
2017-W49,4.06,,0.82,3.07,7.81,0.51,0.94,0.08,0.43,0.01,0.11,0.29,0.01,0.85,0.02,0.02,0.37,0.01,0.03,
2017-W50,7.4,,0.85,3.2,8.65,0.67,0.81,0.09,0.43,0.01,0.09,0.28,0.02,0.85,0.01,0.03,0.37,0.01,0.03,
2017-W51,12.87,,0.71,2.97,8.39,0.52,0.61,0.08,0.36,0.01,0.08,0.28,0.02,0.83,0.01,0.04,0.36,0.01,0.02,
2017-W52,17.88,,0.63,2.44,7.29,0.49,0.43,0.07,0.33,0.01,0.04,0.23,0.01,0.75,0.02,0.02,0.35,0.01,0.05,
2018-W01,16.31,,0.3,1.09,3.36,0.45,0.18,0.05,0.2,,0.02,0.18,0.01,0.61,0.02,0.02,0.2,0,0.04,
2018-W02,26.44,,0.33,1.88,5.29,0.38,0.16,0.08,0.36,,0.02,0.22,0.01,0.82,0.02,0.03,0.24,0.01,0.05,
2018-W03,51.93,,0.3,2.65,6.18,0.28,0.23,0.1,0.35,,0.03,0.16,0.01,0.73,0.01,0.03,0.25,0.01,0.05,
2018-W04,52.35,,0.31,2.52,5.12,0.29,0.23,0.08,0.32,,0.02,0.15,0.01,0.57,0.01,0.01,0.2,0.01,0.06,
2018-W05,54.33,,0.31,2.61,5.11,0.25,0.18,0.07,0.3,,0.02,0.15,0.02,0.64,0.03,0.01,0.15,0.01,0.08,
2018-W06,45.38,,0.28,2.63,4.72,0.23,0.15,0.06,0.3,,0.02,0.14,0.01,0.59,0.02,0.03,0.18,0,0.12,
2018-W07,29.65,,0.26,2.1,4.05,0.22,0.11,0.05,0.29,,0.01,0.12,0.01,0.51,0.02,0.02,0.14,0.01,0.12,
2018-W08,22.64,,0.28,2.65,4.81,0.21,0.11,0.06,0.32,,0.01,0.15,0.01,0.6,0.03,0.02,0.13,0,0.26,
2018-W09,17.42,,0.28,2.6,4.84,0.21,0.12,0.07,0.33,,0.01,0.12,0.01,0.59,0.02,0.01,0.11,0.01,0.31,0.38
2018-W10,12.05,,0.27,2.64,5,0.26,0.13,0.06,0.35,,0.01,0.13,0.01,0.53,0.01,0.02,0.12,0.02,0.28,0.41
2018-W11,8.65,,0.3,2.69,5.01,0.24,0.15,0.06,0.36,,0.01,0.14,0.02,0.54,0.01,0.03,0.2,0.01,0.41,0.44
2018-W12,5.35,,0.26,2.27,4.43,0.3,0.13,0.06,0.37,,0.01,0.12,0.01,0.53,0.01,0.01,0.12,0.01,0.43,0.38
2018-W13,3.39,,0.28,2.06,4.5,0.27,0.15,0.08,0.39,,0.01,0.12,0.03,0.63,0.01,0.03,0.16,0.01,0.42,0.36
2018-W14,2,,0.25,1.87,4.29,0.35,0.17,0.08,0.42,,0.02,0.14,0.02,0.72,0.02,0.02,0.13,0.02,0.42,0.32
2018-W15,1.66,,0.23,2.19,5,0.28,0.23,0.09,0.49,,0.03,0.15,0.03,0.72,0.02,0.03,0.11,0,0.41,0.4
2018-W16,1.76,,0.34,2.66,6.21,0.29,0.25,0.12,0.54,,0.03,0.14,0.04,0.79,0.03,0.03,0.12,0.01,0.52,0.41
2018-W17,1.23,,0.46,2.91,6.76,0.39,0.3,0.13,0.62,,0.04,0.16,0.04,0.89,0.03,0.03,0.17,0.01,0.39,0.38
2018-W18,0.61,,0.33,1.45,3.7,0.29,0.29,0.09,0.35,,0.04,0.12,0.02,0.53,0.02,0.01,0.08,0,0.36,0.23
2018-W19,0.42,,0.62,2.85,6.74,0.52,0.43,0.13,0.64,,0.05,0.2,0.03,1.17,0.03,0.02,0.14,0.01,0.29,0.25
2018-W20,0.4,,0.64,3.13,7.38,0.35,0.76,0.26,0.58,,0.08,0.18,0.03,1.1,0.01,0.03,0.18,0,0.28,0.3
2018-W21,0.27,,0.85,3.02,7.23,0.59,0.79,0.2,0.61,,0.14,0.15,0.03,0.94,0.02,0.03,0.14,0,0.21,0.3
2018-W22,0.19,,0.83,3.12,7.26,0.69,0.96,0.22,0.58,,0.18,0.19,0.02,1.09,0.03,0.02,0.14,0,0.22,0.29
2018-W23,0.12,,0.92,3.08,6.94,0.51,1.11,0.27,0.6,,0.28,0.18,0.02,1.03,0.02,0.03,0.17,-,0.1,0.3
2018-W24,0.08,,0.83,2.88,6.4,0.37,1.23,0.23,0.54,,0.49,0.18,0.02,1,0.02,0.02,0.14,0.01,0.09,0.34
2018-W25,0.09,,0.79,2.89,6.07,0.39,1.24,0.35,0.54,,0.64,0.19,0.03,0.93,0.02,0.04,0.13,0,0.06,0.36
2018-W26,0.09,,0.76,2.64,5.73,0.36,1.6,0.4,0.56,,1,0.2,0.02,0.95,0.03,0.04,0.23,0.01,0.04,0.39
2018-W27,0.09,,0.64,2.31,5,0.39,1.69,0.33,0.55,,1.47,0.2,0.02,0.93,0.01,0.02,0.22,0.01,0.02,0.46
2018-W28,0.07,,0.68,2.22,4.71,0.27,2.09,0.34,0.55,,2.42,0.2,0.02,0.92,0.03,0.05,0.16,0,0.01,0.7
2018-W29,0.06,,0.55,1.57,3.84,0.28,1.87,0.26,0.47,,2.49,0.17,0.01,0.81,0.01,0.06,0.17,0,0.01,0.76
2018-W30,0.05,,0.55,1.57,4.03,0.25,1.8,0.25,0.48,,3.09,0.18,0.02,0.95,0.03,0.04,0.23,0,0.01,0.97
2018-W31,0.05,,0.51,1.44,3.86,0.23,1.71,0.29,0.48,,3.12,0.16,0.01,1.09,0.01,0.07,0.24,0,0.01,1.33
2018-W32,0.04,,0.39,1.1,3.05,0.2,1.37,0.22,0.39,,2.35,0.12,0,0.81,0.02,0.04,0.23,0,0,1.37
2018-W33,0.04,,0.32,0.83,2.5,0.2,1,0.19,0.34,,1.48,0.12,0,0.83,0.03,0.04,0.27,0,0.01,1.34
2018-W34,0.03,,0.33,1.11,3.26,0.23,0.99,0.32,0.45,,1.57,0.14,0.01,1.1,0.01,0.05,0.21,0.01,0.01,1.34
2018-W35,0.05,,0.32,1.2,3.57,0.18,1.17,0.32,0.49,,1.7,0.13,0.01,1.01,0.03,0.04,0.23,0.01,0.02,2.11
2018-W36,0.07,,0.33,1.32,3.72,0.22,1.13,0.34,0.49,,1.66,0.12,0.01,0.94,0.01,0.03,0.23,0,0.02,2.39
2018-W37,0.13,,0.35,1.38,3.65,0.22,1.14,0.32,0.44,,1.45,0.13,0.01,1.06,0.01,0.05,0.24,0,0.02,2.46
2018-W38,0.14,,0.28,1.18,3.15,0.22,1.01,0.28,0.42,,1.04,0.12,0.01,1.02,0.01,0.05,0.24,-,0.01,2.11
2018-W39,0.16,,0.23,1.24,2.99,0.23,0.86,0.28,0.38,,0.84,0.12,0,1.01,0.01,0.04,0.25,0.01,0.01,1.7
2018-W40,0.17,,0.3,1.47,3.35,0.23,1.08,0.45,0.43,,0.84,0.13,0,1.01,0.02,0.03,0.3,0.01,0.01,1.58
2018-W41,0.12,,0.25,1.29,2.99,0.27,0.91,0.35,0.38,,0.55,0.11,0.01,0.86,0.02,0.05,0.33,0,0.01,1.15
2018-W42,0.19,,0.28,1.68,3.56,0.27,0.99,0.38,0.4,,0.52,0.12,0.01,0.87,0.03,0.04,0.32,0.01,0,0.98
2018-W43,0.19,,0.33,1.92,3.89,0.28,0.96,0.5,0.41,,0.36,0.11,0.01,0.86,0.02,0.04,0.35,0,0.01,0.87
2018-W44,0.21,,0.35,1.9,4.14,0.32,0.77,0.44,0.37,,0.25,0.11,0.01,0.8,0.03,0.02,0.31,0.01,0.01,0.62
2018-W45,0.35,,0.45,2.43,5.44,0.38,0.76,0.64,0.46,,0.21,0.13,0.01,0.87,0.02,0.04,0.35,0,0.02,0.6
2018-W46,0.38,,0.52,2.43,5.91,0.46,0.79,0.61,0.45,,0.19,0.11,-,0.79,0.02,0.04,0.35,0.01,0.02,0.56
2018-W47,0.52,,0.52,2.4,6,0.43,0.65,0.65,0.39,,0.15,0.11,0,0.82,0.02,0.02,0.33,0,0.03,0.5
2018-W48,0.93,,0.66,2.77,7.89,0.61,0.63,0.87,0.44,,0.11,0.13,0.01,0.93,0.03,0.03,0.44,0.01,0.04,0.5
2018-W49,1.7,,0.66,3.07,8.86,0.6,0.62,0.96,0.42,,0.11,0.13,0.02,0.94,0.02,0.03,0.37,0.01,0.04,0.51
2018-W50,3.35,,0.73,2.96,9.24,0.63,0.61,0.88,0.39,,0.09,0.12,0.01,0.95,0.02,0.02,0.3,-,0.04,0.54
2018-W51,8.05,,0.7,3.25,10.1,0.74,0.5,0.92,0.38,,0.06,0.12,0.01,0.98,0.01,0.02,0.36,0,0.06,0.55
2018-W52,11.17,,0.57,2.2,7.58,0.54,0.32,0.7,0.31,,0.04,0.1,0.02,0.81,0.02,0.02,0.33,0,0.05,0.55
2019-W01,16.3,,0.24,0.82,3.15,0.44,0.11,0.38,0.16,,0.01,0.06,0.01,0.54,0.01,0.01,0.15,-,0.05,0.3
2019-W02,38.54,,0.42,2.1,7.52,0.55,0.14,1,0.36,,0.02,0.1,0.01,1.03,0.03,0.03,0.29,0,0.06,0.39
2019-W03,53.91,,0.27,2.06,6.54,0.27,0.17,0.88,0.31,,0.01,0.09,0,0.65,0.02,0.02,0.23,0,0.06,0.36
2019-W04,57.09,,0.32,2.5,6.88,0.36,0.13,0.87,0.3,,0.02,0.08,0.01,0.67,0.01,0.02,0.27,0,0.09,0.43
2019-W05,43.24,,0.29,2.49,6.5,0.25,0.13,0.73,0.3,,0.01,0.1,0.01,0.65,0.03,0.02,0.22,0.01,0.08,0.4
2019-W06,26.28,,0.33,2.52,6.03,0.29,0.13,0.57,0.29,,0.01,0.09,0.02,0.64,0.03,0.02,0.18,0,0.13,0.42
2019-W07,12.49,,0.3,2.07,5.09,0.26,0.1,0.5,0.28,,0.02,0.07,0.01,0.54,0.01,0.02,0.13,0,0.13,0.41
2019-W08,8.99,,0.3,2.67,5.99,0.3,0.12,0.59,0.35,,0.01,0.09,0.01,0.54,0.02,0.03,0.14,0,0.14,0.44
2019-W09,5.93,,0.33,2.71,5.95,0.28,0.13,0.57,0.34,,0.03,0.09,0.01,0.49,0.03,0.03,0.2,-,0.29,0.47
2019-W10,4.12,,0.32,2.86,6.07,0.33,0.14,0.54,0.36,,0.02,0.11,0.01,0.44,0.02,0.02,0.14,0,0.28,0.46
2019-W11,2.92,,0.37,2.87,6.04,0.32,0.16,0.58,0.39,,0.03,0.1,0,0.49,0.02,0.03,0.14,0.01,0.4,0.49
2019-W12,2.49,,0.34,2.46,5.51,0.36,0.15,0.56,0.37,,0.02,0.09,0.01,0.53,0.01,0.02,0.09,0,0.38,0.5
2019-W13,1.73,,0.34,2.07,5.17,0.34,0.19,0.5,0.37,,0.03,0.09,0.02,0.6,0.02,0.01,0.14,0.01,0.43,0.49
2019-W14,1.46,,0.28,1.94,5.35,0.32,0.17,0.56,0.39,,0.04,0.08,0.01,0.62,0.03,0.02,0.09,0.01,0.52,0.44
2019-W15,1.67,,0.31,2.26,6.3,0.31,0.28,0.58,0.44,,0.04,0.08,0.01,0.55,0.02,0.04,0.12,0.01,0.63,0.52
2019-W16,2.54,,0.39,2.76,8.02,0.29,0.39,0.83,0.5,,0.07,0.09,0.01,0.64,0.02,0.03,0.15,0,0.97,0.58
2019-W17,2.17,,0.48,2.86,8.2,0.37,0.56,0.79,0.55,,0.08,0.1,0.02,0.63,0.03,0.02,0.1,0,0.93,0.56
2019-W18,1.02,,0.2,0.77,2.2,0.21,0.34,0.23,0.19,,0.05,0.05,0,0.23,0.01,0.01,0.13,0,0.59,0.24
2019-W19,0.74,,0.49,1.89,5.23,0.48,0.41,0.68,0.45,,0.09,0.1,0.01,0.7,0.02,0.01,0.1,-,0.55,0.25
2019-W20,0.92,,0.42,2.86,7,0.3,0.96,0.91,0.47,,0.19,0.1,0.01,0.6,0.02,0.02,0.13,0,0.6,0.27
2019-W21,0.62,,0.64,2.66,6.63,0.45,1.54,0.82,0.54,,0.31,0.12,0.01,0.57,0.02,0.02,0.1,0,0.5,0.32
2019-W22,0.49,,0.63,2.84,6.53,0.36,1.95,0.7,0.55,,0.37,0.14,0.01,0.6,0.02,0.04,0.15,0,0.45,0.24
2019-W23,0.35,,0.69,2.66,6.09,0.45,2.79,0.71,0.54,,0.56,0.13,0.02,0.63,0.01,0.02,0.15,0,0.39,0.21
2019-W24,0.25,,0.68,2.59,5.48,0.39,4.02,0.67,0.5,,0.91,0.14,0.02,0.67,0.01,0.02,0.14,-,0.23,0.26
2019-W25,0.2,,0.68,2.57,5.4,0.37,5.18,0.93,0.49,,1.19,0.13,0.01,0.68,0.02,0.03,0.14,0,0.22,0.29
2019-W26,0.18,,0.64,2.24,4.82,0.45,6.7,0.9,0.5,,1.44,0.15,0.01,0.67,0.02,0.03,0.19,0,0.15,0.32
2019-W27,0.17,,0.63,2.08,4.67,0.35,9.79,0.93,0.49,,2.12,0.14,0.01,0.64,0.02,0.03,0.15,-,0.08,0.4
2019-W28,0.19,,0.63,1.95,4.29,0.37,12.64,0.91,0.47,,2.88,0.13,0.01,0.71,0.02,0.06,0.15,0,0.06,0.62
2019-W29,0.19,,0.47,1.51,3.38,0.28,12.01,0.9,0.41,,2.54,0.1,0.01,0.62,0.01,0.04,0.16,0.01,0.05,0.66
2019-W30,0.16,,0.49,1.48,3.42,0.33,13.42,0.88,0.44,,2.97,0.12,0,0.74,0.02,0.04,0.18,-,0.03,1.01
2019-W31,0.19,,0.47,1.29,3.22,0.27,10.54,0.76,0.44,,2.45,0.08,0.02,0.77,0.02,0.03,0.17,0.01,0.02,1.4
2019-W32,0.22,,0.46,1.16,2.98,0.24,6.88,0.58,0.41,,1.88,0.08,0.01,0.71,0.02,0.03,0.17,0,0.01,1.67
2019-W33,0.23,,0.35,0.74,1.91,0.19,3.04,0.29,0.25,,0.95,0.06,0,0.55,0.02,0.06,0.19,-,0.02,1.32
2019-W34,0.24,,0.41,1.09,2.97,0.24,2.75,0.63,0.46,,1,0.09,0.01,0.84,0.02,0.06,0.23,-,0.01,1.37
2019-W35,0.39,,0.43,1.23,3.09,0.16,3.05,0.71,0.41,,1.21,0.09,0.01,0.79,0.01,0.04,0.24,-,0.01,2.43
2019-W36,0.77,,0.45,1.48,3.39,0.23,3.11,0.8,0.43,,1.28,0.09,0.01,0.78,0.02,0.05,0.3,0,0.01,3.12
2019-W37,1.17,,0.48,1.56,3.26,0.19,2.82,0.67,0.44,,1.21,0.1,0.01,0.81,0.01,0.05,0.27,0,0.01,3.45
2019-W38,1.16,,0.4,1.44,2.9,0.24,2.17,0.46,0.37,,0.79,0.09,0,0.75,0.01,0.05,0.34,0.01,0,2.91
2019-W39,0.92,,0.36,1.42,2.74,0.21,1.82,0.56,0.35,,0.59,0.09,0.01,0.73,0.02,0.05,0.28,0,0.01,2.36
2019-W40,0.99,,0.4,1.66,3.1,0.25,1.82,0.64,0.38,,0.61,0.11,0,0.8,0.01,0.03,0.38,0,0.01,2.07
2019-W41,0.9,,0.39,1.68,3,0.22,1.8,0.54,0.37,,0.59,0.09,0,0.7,0.01,0.05,0.39,-,0.01,1.84
2019-W42,0.72,,0.34,1.54,2.8,0.22,1.46,0.44,0.36,,0.33,0.08,0,0.63,0.02,0.05,0.35,0.01,0.01,1.23
2019-W43,0.8,,0.39,1.65,2.93,0.29,1.34,0.58,0.34,,0.3,0.07,0,0.57,0.02,0.04,0.37,0.01,0.01,1
2019-W44,0.95,,0.4,2.07,3.31,0.32,1.45,0.58,0.38,,0.3,0.07,0,0.63,0.02,0.03,0.44,0,0,0.88
2019-W45,1.03,,0.39,1.78,3.15,0.33,1.36,0.53,0.33,,0.21,0.07,0.01,0.6,0.02,0.04,0.44,-,0.01,0.66
2019-W46,1.84,,0.5,2.58,4.08,0.41,1.16,0.55,0.39,,0.16,0.08,0,0.6,0.02,0.02,0.51,0,0,0.58
2019-W47,3.11,,0.55,2.55,4.32,0.44,1.06,0.55,0.35,,0.14,0.07,0.01,0.5,0.01,0.03,0.51,0,0.01,0.51
2019-W48,5.52,,0.63,3.1,5.34,0.59,1.08,0.6,0.39,,0.13,0.06,0.01,0.59,0.03,0.05,0.38,0,0.02,0.52
2019-W49,9.52,,0.73,3.27,5.92,0.56,0.97,0.61,0.35,,0.11,0.06,0.01,0.6,0.02,0.04,0.47,0.01,0.02,0.5
2019-W50,15.62,,0.8,3.55,6.6,0.68,0.83,0.61,0.36,,0.08,0.07,0.01,0.59,0.03,0.04,0.44,0,0.01,0.51
2019-W51,21.22,,0.77,3.72,7.46,0.63,0.7,0.63,0.33,,0.07,0.08,0.01,0.64,0.01,0.04,0.47,0.01,0.01,0.54
2019-W52,23.24,,0.78,3.28,7.25,0.62,0.57,0.58,0.34,,0.07,0.06,0.02,0.61,0.04,0.03,0.36,0.01,0.02,0.56
2020-W01,13.93,,0.22,0.74,1.8,0.32,0.12,0.17,0.1,,0.01,0.02,0,0.25,0.01,0.01,0.16,-,0.02,0.22
2020-W02,18.33,,0.52,2.44,6.09,0.65,0.2,0.63,0.32,,0.03,0.06,0.01,0.67,0.02,0.02,0.44,0,0.02,0.32
2020-W03,16.73,,0.34,2.44,5.99,0.3,0.15,0.51,0.3,,0.02,0.05,0.01,0.42,0.01,0.02,0.33,-,0.01,0.27
2020-W04,18,,0.41,3.18,7.14,0.43,0.16,0.53,0.31,,0.02,0.06,0.01,0.4,0.03,0.02,0.31,0,0.04,0.33
2020-W05,14.11,,0.39,3.49,6.92,0.3,0.16,0.47,0.3,,0.03,0.05,0.01,0.43,0.02,0.02,0.31,-,0.05,0.35
2020-W06,9.04,,0.45,3.56,6.35,0.39,0.15,0.4,0.29,,0.02,0.05,0,0.41,0.01,0.02,0.29,-,0.03,0.32
2020-W07,7.49,,0.38,3.26,5.73,0.37,0.12,0.31,0.29,,0.02,0.05,-,0.41,0.02,0.02,0.29,0,0.06,0.27
2020-W08,6.12,,0.39,3.66,5.57,0.4,0.11,0.3,0.3,,0.02,0.05,0.01,0.44,0.01,0.02,0.39,0.01,0.01,0.29
2020-W09,4.77,,0.33,2.99,4.13,0.38,0.09,0.25,0.25,,0.02,0.05,0,0.42,0.03,0.02,0.35,0,0.03,0.28
2020-W10,3.13,,0.34,2.92,3.57,0.37,0.08,0.25,0.26,,0.02,0.05,0.01,0.42,0.02,0.02,0.35,0.01,0.02,0.27
2020-W11,1.29,,0.3,2.31,2.87,0.35,0.09,0.26,0.27,,0.02,0.05,0.01,0.27,0.03,0.02,0.43,0,0.02,0.24
2020-W12,0.54,,0.25,1.72,2.2,0.26,0.08,0.21,0.29,,0.01,0.05,0,0.26,0.01,0.01,0.24,0,0.01,0.16
2020-W13,0.27,,0.2,1.59,2.1,0.24,0.07,0.22,0.29,,0.01,0.05,0.01,0.31,0.02,0.01,0.21,0.01,0.01,0.11
2020-W14,0.15,,0.15,1.47,1.87,0.2,0.06,0.17,0.32,,0.02,0.04,0.01,0.26,0.03,0.01,0.22,0,0.02,0.11
2020-W15,0.09,,0.14,1.26,1.61,0.17,0.05,0.16,0.34,,0.03,0.04,0.01,0.23,0.01,0.02,0.23,0,0.01,0.09
2020-W16,0.05,,0.13,1.09,1.48,0.15,0.05,0.12,0.32,,0.02,0.05,0.01,0.19,0.03,0.01,0.18,0.01,0.01,0.08
2020-W17,0.02,,0.14,0.82,1.2,0.11,0.03,0.08,0.36,,0.02,0.04,0,0.17,0.02,0.02,0.23,0,0.01,0.04
2020-W18,0.01,,0.13,0.64,1.03,0.11,0.04,0.09,0.32,,0.02,0.04,0,0.12,0.01,0.01,0.11,0,0.01,0.02
2020-W19,0,,0.08,0.37,0.73,0.07,0.04,0.05,0.24,,0.01,0.03,0,0.11,0.01,0.01,0.08,0,0.01,0.01
2020-W20,0,,0.09,0.57,1.1,0.09,0.06,0.06,0.35,,0.01,0.04,0,0.14,0.02,0.01,0.11,0,0.01,0.01
2020-W21,0,,0.08,0.53,1.14,0.09,0.05,0.04,0.38,,0.02,0.05,0,0.14,0.02,0.01,0.06,0,0,0
2020-W22,0,,0.08,0.62,1.3,0.08,0.07,0.05,0.44,,0.03,0.04,0.01,0.14,0.01,0.02,0.06,-,0,0.01
2020-W23,0,,0.11,0.7,1.55,0.1,0.11,0.03,0.52,,0.04,0.05,0,0.17,0.02,0.02,0.08,0.01,0,0.01
2020-W24,0,,0.13,0.73,1.71,0.11,0.13,0.03,0.56,,0.05,0.06,0,0.16,0.02,0.03,0.09,0,-,0.01
2020-W25,0,,0.14,0.72,1.84,0.09,0.12,0.02,0.57,,0.09,0.06,0.01,0.16,0.02,0.02,0.05,0,0,0.01
2020-W26,0,,0.13,0.85,2,0.08,0.11,0.02,0.57,,0.14,0.06,0.01,0.19,0.03,0.02,0.05,0,0.01,0.01
2020-W27,0,,0.15,0.92,2.06,0.1,0.13,0.02,0.57,,0.2,0.06,0,0.2,0.02,0.03,0.05,0,0,0.01
2020-W28,0,,0.16,0.99,2.17,0.12,0.14,0.02,0.57,,0.23,0.06,0.01,0.19,0.02,0.02,0.05,0,0,0.01
2020-W29,0,,0.18,0.94,2.25,0.1,0.12,0.02,0.54,,0.35,0.06,0.01,0.19,0.01,0.02,0.05,0,0,0.02
2020-W30,0,,0.16,0.71,1.74,0.11,0.12,0.02,0.49,,0.4,0.04,0.01,0.16,0.01,0.02,0.06,0,-,0.01
2020-W31,0,,0.2,0.71,2.12,0.11,0.15,0.02,0.53,,0.46,0.06,0,0.24,0.01,0.01,0.08,0,0,0.02
2020-W32,0,,0.17,0.63,1.77,0.11,0.18,0.02,0.47,,0.73,0.04,0,0.22,0.02,0.02,0.1,0,0,0.03
2020-W33,0,,0.13,0.35,1.09,0.11,0.11,0.01,0.33,,0.39,0.03,0,0.14,0.01,0.02,0.05,0.01,-,0.02
2020-W34,-,,0.18,0.53,1.8,0.12,0.17,0.01,0.49,,0.41,0.06,0.01,0.25,0.01,0.02,0.06,-,0,0.03
2020-W35,0,,0.15,0.52,1.81,0.09,0.14,0.01,0.52,,0.51,0.05,0.01,0.24,0.01,0.02,0.06,-,0.01,0.03
2020-W36,0,,0.17,0.58,1.94,0.1,0.15,0.01,0.51,,0.41,0.05,0,0.26,0.02,0.02,0.07,0,0,0.06
2020-W37,0,,0.17,0.56,1.88,0.11,0.14,0.01,0.51,,0.35,0.06,0,0.22,0.01,0.02,0.06,-,0,0.05
2020-W38,0,,0.17,0.63,1.84,0.12,0.12,0.01,0.49,,0.35,0.06,0,0.23,0.02,0.01,0.06,-,0,0.07
2020-W39,0,,0.13,0.48,1.43,0.11,0.11,0.01,0.37,,0.2,0.04,-,0.16,0.01,0.02,0.03,-,0,0.07
2020-W40,0,,0.15,0.7,1.72,0.12,0.11,0.02,0.43,,0.26,0.05,0,0.24,0.01,0.02,0.06,0,0,0.07
2020-W41,0,,0.11,0.78,1.71,0.12,0.14,0.01,0.44,,0.26,0.05,0,0.24,0.01,0.02,0.06,-,-,0.1
2020-W42,0,,0.13,0.75,1.71,0.14,0.13,0.02,0.43,,0.26,0.05,0,0.24,0.01,0.03,0.08,-,-,0.09
2020-W43,0.01,,0.15,0.79,1.76,0.15,0.11,0.02,0.43,,0.23,0.05,0,0.21,0.01,0.01,0.07,-,0,0.1
2020-W44,0.01,,0.15,0.78,1.73,0.18,0.12,0.01,0.43,,0.22,0.04,0.01,0.24,0.01,0.01,0.06,-,0,0.12
2020-W45,0,,0.18,0.64,1.79,0.18,0.1,0.01,0.39,,0.16,0.04,0.01,0.18,0.03,0.02,0.04,0,0,0.11
2020-W46,0,,0.21,0.72,2.08,0.2,0.1,0.01,0.42,,0.16,0.05,0,0.25,0.01,0.02,0.07,0,0,0.1
2020-W47,0.01,,0.25,0.81,2.38,0.23,0.12,0.01,0.45,,0.13,0.05,0,0.24,0.01,0.02,0.06,-,0,0.1
2020-W48,0.01,,0.24,0.63,2.11,0.22,0.11,0.01,0.39,,0.12,0.05,0.01,0.22,0.01,0.02,0.05,-,0,0.1
2020-W49,0.01,,0.27,0.79,2.41,0.21,0.13,0.01,0.38,,0.13,0.04,0,0.24,0.01,0.02,0.05,-,-,0.1
2020-W50,0.01,,0.3,0.8,2.81,0.21,0.12,0.02,0.39,,0.12,0.04,0.01,0.24,0.02,0.01,0.05,-,0,0.12
2020-W51,0.01,,0.31,0.79,2.92,0.19,0.1,0.01,0.38,,0.08,0.04,0,0.19,0.02,0.02,0.04,0,0.01,0.13
2020-W52,0.01,,0.31,0.77,3.17,0.18,0.09,0.01,0.35,,0.07,0.04,0,0.19,0.03,0.01,0.04,-,0,0.14
2020-W53,0.01,,0.15,0.35,1.43,0.11,0.04,0.01,0.18,,0.04,0.01,0,0.09,0.01,0,0.03,-,0.01,0.09
2021-W01,0.01,,0.26,0.53,2.22,0.19,0.05,0.01,0.36,,0.02,0.03,0,0.23,0.02,0.02,0.05,-,0.01,0.08
2021-W02,0.01,,0.15,0.57,2.53,0.12,0.04,0.01,0.37,,0.02,0.04,0,0.21,0.01,0.01,0.05,-,0,0.1
2021-W03,0.01,,0.23,0.71,2.91,0.11,0.05,0.01,0.37,,0.03,0.04,0,0.17,0.01,0.02,0.04,0,0.01,0.21
2021-W04,0.01,,0.22,0.75,2.84,0.12,0.04,0.02,0.39,,0.03,0.04,0,0.18,0.01,0.01,0.04,0,0,0.24
2021-W05,0.02,,0.24,0.79,2.83,0.12,0.04,0.02,0.37,,0.03,0.04,0.01,0.16,0.02,0.03,0.04,-,-,0.25
2021-W06,0.01,,0.2,0.73,2.63,0.12,0.03,0.01,0.35,,0.03,0.04,0.01,0.14,0.01,0.02,0.02,-,-,0.27
2021-W07,0.01,,0.2,0.73,2.79,0.11,0.03,0.02,0.35,,0.02,0.03,0,0.19,0.01,0.02,0.03,-,0.01,0.33
2021-W08,0.01,,0.16,0.67,2.54,0.1,0.03,0.01,0.34,,0.02,0.02,0,0.16,0.02,0.02,0.03,-,0.01,0.41
2021-W09,0.01,,0.17,0.77,2.92,0.12,0.02,0.02,0.35,,0.03,0.04,0,0.15,0.01,0.02,0.03,-,0.01,0.44
2021-W10,0.01,,0.15,0.78,2.93,0.09,0.02,0.02,0.36,,0.03,0.03,0,0.17,0.02,0.01,0.06,0,0.01,0.58
2021-W11,0,,0.15,0.75,2.62,0.12,0.01,0.01,0.32,,0.04,0.04,0,0.15,0.01,0.02,0.04,-,0,0.58
2021-W12,0.01,,0.16,0.69,2.55,0.12,0.02,0.01,0.36,,0.02,0.03,0,0.15,0.01,0.02,0.02,0,0,0.69
2021-W13,0,,0.17,0.57,2.34,0.12,0.01,0.02,0.38,,0.02,0.03,-,0.14,0.02,0.02,0.03,0.01,0.01,0.74
2021-W14,0,,0.15,0.55,2.55,0.12,0.02,0.02,0.39,,0.02,0.04,0,0.19,0.02,0.02,0.01,0,-,0.81
2021-W15,0,,0.14,0.68,3.22,0.11,0.02,0.02,0.41,,0.03,0.04,0.01,0.16,0.02,0.02,0.02,-,0.01,1.12
2021-W16,0,,0.2,0.79,3.95,0.1,0.02,0.02,0.48,,0.04,0.04,0,0.17,0.01,0.01,0.03,0,-,1.39
2021-W17,0,,0.24,0.74,3.89,0.11,0.03,0.02,0.47,,0.04,0.04,0,0.17,0.01,0.02,0.03,-,0,1.2
2021-W18,0,,0.16,0.39,2.18,0.09,0.02,0.02,0.32,,0.02,0.03,0,0.15,0.01,0.01,0.03,0,0,0.86
2021-W19,0,,0.32,0.64,3.92,0.13,0.05,0.02,0.42,,0.05,0.05,0,0.2,0.01,0.02,0.04,-,0,1
2021-W20,0,,0.29,0.64,3.79,0.12,0.08,0.02,0.45,,0.07,0.05,0.01,0.21,0.02,0.03,0.03,-,0.01,1.82
2021-W21,0,,0.38,0.65,3.75,0.13,0.07,0.02,0.45,,0.1,0.06,0,0.23,0.03,0.02,0.02,0,0,2.49
2021-W22,0,,0.4,0.63,3.56,0.12,0.08,0.02,0.45,,0.09,0.06,0,0.19,0.02,0.01,0.04,-,0,2.56
2021-W23,0,,0.4,0.61,3.31,0.12,0.11,0.02,0.44,,0.11,0.05,-,0.2,0.01,0.01,0.03,-,0,2.62
2021-W24,0,,0.43,0.59,3.23,0.11,0.12,0.01,0.43,,0.11,0.06,0,0.2,0.01,0.02,0.04,0,0,3.05
2021-W25,0,,0.38,0.58,3.11,0.1,0.11,0.01,0.43,,0.15,0.05,0,0.19,0.02,0.02,0.02,-,0,3.87
2021-W26,0,,0.36,0.58,3.14,0.1,0.13,0.01,0.42,,0.16,0.06,0,0.2,0.01,0.02,0.04,-,0,4.13
2021-W27,0,,0.32,0.61,3.04,0.09,0.16,0.01,0.42,,0.21,0.08,0.01,0.21,0.03,0.03,0.02,-,0,5.04
2021-W28,0,,0.3,0.58,2.9,0.1,0.17,0.01,0.41,,0.3,0.08,0.01,0.2,0.01,0.02,0.01,0,0,5.99
2021-W29,0,,0.2,0.43,2.07,0.07,0.15,0.01,0.34,,0.29,0.07,0.01,0.15,0.02,0.01,0.03,0,0.01,4.64
2021-W30,0,,0.21,0.44,2.42,0.1,0.18,0.01,0.37,,0.28,0.07,0.01,0.22,0.02,0.01,0.02,-,-,4.03
2021-W31,0,,0.2,0.48,2.36,0.09,0.23,0.01,0.34,,0.34,0.07,0.01,0.21,0.01,0.01,0.03,-,-,3.63
2021-W32,-,,0.13,0.3,1.48,0.07,0.2,0.01,0.23,,0.2,0.05,0,0.14,0.01,0.02,0.03,-,0,2.46
2021-W33,0,,0.15,0.33,1.93,0.08,0.29,0.01,0.32,,0.25,0.06,0.01,0.24,0.01,0.02,0.04,-,-,2
2021-W34,0,,0.14,0.39,2.07,0.08,0.48,0.01,0.33,,0.44,0.05,0,0.23,0.02,0.01,0.03,0,-,2.08
2021-W35,0,,0.13,0.39,2.19,0.08,0.58,0.01,0.34,,0.47,0.06,0.01,0.24,0.01,0.01,0.04,-,-,1.87
2021-W36,-,,0.11,0.39,2.24,0.07,0.67,0.01,0.35,,0.51,0.06,0.01,0.24,0.02,0.02,0.02,-,-,1.47
2021-W37,0,,0.11,0.43,2.27,0.08,0.8,0.01,0.38,,0.53,0.05,0,0.23,0.01,0.02,0.02,-,0,1.11
2021-W38,0,,0.09,0.3,1.87,0.08,0.98,0.01,0.31,,0.42,0.04,0,0.19,0.01,0.02,0.01,-,-,0.76
2021-W39,0,,0.1,0.38,2.04,0.09,1.14,0.01,0.32,,0.52,0.04,0.01,0.2,0.01,0.02,0.02,-,0,0.54
2021-W40,0,,0.08,0.44,2.15,0.08,1.53,0.01,0.34,,0.61,0.05,0.01,0.22,0.03,0.02,0.01,0,-,0.48
2021-W41,0,,0.1,0.48,2.3,0.09,1.71,0.01,0.38,,0.71,0.05,0,0.22,0,0.02,0.01,0,0,0.43
2021-W42,0,,0.09,0.49,2.24,0.07,1.62,0.01,0.37,,0.71,0.04,0,0.21,0.01,0.02,0.02,-,0,0.36
2021-W43,0,,0.1,0.6,2.61,0.08,1.52,0.02,0.34,,0.61,0.04,0.01,0.19,0.01,0.02,0.02,-,0,0.3
2021-W44,0,,0.12,0.51,2.67,0.1,1.52,0.01,0.37,,0.52,0.04,-,0.2,0.01,0.03,0.02,-,-,0.25
2021-W45,0.01,,0.15,0.54,3.21,0.13,1.39,0.01,0.36,,0.47,0.04,0,0.19,0.02,0.02,0.01,0,0,0.25
2021-W46,0,,0.18,0.57,3.83,0.12,1.7,0.01,0.35,,0.47,0.03,0.01,0.19,0.01,0.02,0.01,-,0.01,0.25
2021-W47,0.01,,0.2,0.5,4.05,0.14,1.41,0.01,0.34,,0.4,0.03,0.01,0.17,0.01,0.03,0.02,0,0,0.25
2021-W48,0.01,,0.23,0.61,5.24,0.16,1.22,0.01,0.31,,0.37,0.03,0,0.21,0.01,0.02,0.02,0,0,0.25
2021-W49,0.01,,0.25,0.68,6.65,0.14,1.14,0.01,0.33,,0.29,0.03,-,0.17,0.02,0.01,0.01,-,0.01,0.3
2021-W50,0.01,,0.28,0.75,7.42,0.18,1,0.01,0.33,,0.27,0.03,0,0.19,0.02,0.02,0.02,-,0.01,0.36
2021-W51,0.01,,0.32,0.73,7.78,0.16,0.87,0.01,0.32,,0.21,0.03,0,0.2,0.02,0,0.01,0,0,0.4
2021-W52,0.01,,0.19,0.37,4.14,0.1,0.46,0.01,0.18,,0.1,0.02,0,0.1,0.02,0,0,-,0.01,0.32
2022-W01,0.01,,0.25,0.39,4.66,0.14,0.37,0.01,0.26,,0.06,0.02,0,0.19,0.01,0.01,0.01,-,0.01,0.28
2022-W02,0.01,,0.19,0.47,6.65,0.1,0.33,0.01,0.32,,0.07,0.03,0,0.18,0.01,0.01,0.01,0,0.01,0.31
2022-W03,0.01,,0.2,0.58,8.04,0.09,0.32,0.02,0.3,,0.08,0.02,0,0.17,0.01,0.02,0.01,-,0.01,0.5
2022-W04,0.01,,0.14,0.48,7.1,0.08,0.26,0.01,0.25,,0.05,0.02,0,0.17,0.01,0.01,0.01,0,0.01,0.49
2022-W05,0.01,,0.17,0.4,5.74,0.06,0.19,0.01,0.24,,0.03,0.03,0.01,0.16,0.02,0.01,0.01,-,0.01,0.34
2022-W06,0.01,,0.13,0.32,4.55,0.06,0.13,0.01,0.23,,0.02,0.02,0,0.12,0.01,0.01,0.01,-,0.01,0.26
2022-W07,0.01,,0.13,0.31,4.36,0.06,0.09,0.01,0.24,,0.02,0.02,0,0.13,0.01,0.01,0.02,-,0.01,0.23
2022-W08,0.01,,0.1,0.27,3.65,0.06,0.08,0.02,0.2,,0.02,0.02,0.01,0.11,0.01,0.01,0.01,0,0,0.17
2022-W09,0,,0.1,0.25,3.81,0.07,0.06,0.01,0.24,,0.02,0.02,0,0.15,0.01,0.01,0,0,0.01,0.2
2022-W10,0,,0.1,0.26,3.77,0.06,0.05,0.01,0.24,,0.02,0.03,0,0.14,0.01,0.02,0.01,0,0.01,0.19
2022-W11,0,,0.1,0.28,3.55,0.07,0.07,0.01,0.26,,0.01,0.03,0.01,0.12,0.01,0.02,0.01,-,0.01,0.18
2022-W12,0,,0.07,0.2,2.78,0.05,0.06,0.01,0.26,,0.01,0.02,0,0.09,0.01,0.01,0.01,-,0,0.13
2022-W13,0,,0.07,0.22,2.82,0.06,0.06,0.02,0.29,,0.01,0.03,0,0.14,0.01,0.01,0.02,0,0.01,0.13
2022-W14,0,,0.07,0.21,2.93,0.07,0.07,0.01,0.29,,0.02,0.02,0,0.15,0.01,0.01,0.01,0,-,0.1
2022-W15,0,,0.07,0.25,3.54,0.07,0.09,0.01,0.33,,0.01,0.03,0.01,0.14,0,0.01,0.02,0,0,0.13
2022-W16,0,,0.1,0.29,4.09,0.07,0.12,0.01,0.38,,0.01,0.04,0,0.15,0.01,0.01,0.01,0,0.01,0.13
2022-W17,0,,0.12,0.24,3.71,0.07,0.14,0.01,0.39,,0.02,0.03,0.01,0.14,0.01,0.02,0.01,-,0.01,0.14
2022-W18,0,,0.11,0.18,2.65,0.07,0.11,0.01,0.31,,0.02,0.02,-,0.17,0.01,0.02,0.01,-,0,0.1
2022-W19,0,,0.18,0.27,4.15,0.09,0.12,0.01,0.37,,0.02,0.04,0.01,0.17,0.02,0.01,0.02,0,0,0.09
2022-W20,0,,0.18,0.32,4.94,0.07,0.19,0.01,0.4,,0.03,0.04,0,0.16,0.01,0.02,0.02,0,0,0.17
2022-W21,0,,0.32,0.3,5.3,0.09,0.2,0.01,0.4,,0.03,0.04,0,0.17,0.02,0.02,0.02,-,0,0.2
2022-W22,0,,0.36,0.35,5.32,0.09,0.24,0.01,0.41,,0.04,0.04,0,0.2,0.01,0.01,0.02,0,-,0.22
2022-W23,0,,0.42,0.35,5.42,0.08,0.26,0.01,0.41,,0.05,0.04,0,0.21,0.01,0.02,0.02,-,-,0.27
2022-W24,0,,0.41,0.37,5.72,0.08,0.36,0.01,0.38,,0.08,0.03,0.02,0.19,0.01,0.02,0.01,-,0,0.43
2022-W25,0,,0.43,0.35,5.31,0.08,0.6,0.01,0.4,,0.14,0.04,0,0.18,0.02,0.03,0.02,-,0,0.58
2022-W26,0,,0.43,0.33,4.78,0.09,0.97,0.02,0.41,,0.24,0.04,0.01,0.22,0.01,0.02,0.02,-,0.01,0.93
2022-W27,0.01,,0.38,0.4,4.55,0.07,1.42,0.01,0.39,,0.34,0.04,0,0.24,0.01,0.04,0.02,-,0,1.51
2022-W28,0.03,,0.34,0.42,4.22,0.08,1.87,0.01,0.37,,0.51,0.04,0.01,0.2,0.01,0.02,0.01,-,-,2.26
2022-W29,0.04,,0.2,0.26,3.02,0.07,2.14,0.01,0.3,,0.54,0.03,0.01,0.2,0.01,0.02,0.01,-,-,2.3
2022-W30,0.03,,0.17,0.28,2.73,0.07,3.01,0.02,0.28,,0.75,0.02,0,0.22,0.01,0.03,0.01,-,-,2.35
2022-W31,0.03,,0.13,0.28,2.38,0.06,3.32,0.01,0.29,,0.79,0.02,0,0.18,0,0.02,0.01,0,0,2.32
2022-W32,0.02,,0.08,0.2,1.61,0.05,2.64,0.01,0.21,,0.59,0.02,-,0.13,0.02,0.01,0.02,-,0,1.59
2022-W33,0.03,,0.07,0.18,1.67,0.06,2.71,0.01,0.21,,0.5,0.02,0.01,0.17,0.01,0,0.01,-,0,1.31
2022-W34,0.03,,0.07,0.21,1.92,0.05,3.32,0.01,0.23,,0.79,0.03,0,0.21,0.02,0.02,0.03,-,0.01,1.24
2022-W35,0.03,,0.07,0.28,2.1,0.05,3.74,0.01,0.27,,0.89,0.03,0,0.22,0.02,0.01,0.01,-,0.01,1.44
2022-W36,0.03,,0.06,0.29,2.15,0.05,3.77,0.02,0.27,,0.88,0.04,0.01,0.19,0.01,0.01,0.01,0,0,1.6
2022-W37,0.02,,0.07,0.3,2.14,0.07,3.42,0.02,0.27,,0.8,0.04,0.01,0.23,0.01,0.01,0.02,0.01,0,1.6
2022-W38,0.02,,0.04,0.26,1.64,0.04,2.26,0.01,0.22,,0.43,0.03,0.01,0.19,0.01,0.02,0.01,0,0,1.24
2022-W39,0.01,,0.05,0.33,2.01,0.06,1.98,0.01,0.27,,0.45,0.04,0.01,0.17,0.01,0.03,0.01,-,0.01,1.18
2022-W40,0.01,,0.05,0.38,1.97,0.06,1.7,0.01,0.25,,0.4,0.03,0.01,0.18,0.02,0.03,0.02,0,-,1.12
2022-W41,0.02,,0.05,0.35,1.97,0.06,1.32,0.01,0.23,,0.28,0.03,0,0.19,0.01,0.02,0.02,-,0,0.97
2022-W42,0.02,,0.06,0.42,2.23,0.08,1.16,0.01,0.25,,0.33,0.03,0.01,0.23,0.02,0.03,0.02,-,-,0.99
2022-W43,0.03,,0.07,0.45,2.37,0.09,0.92,0.01,0.25,,0.24,0.03,0,0.21,0.02,0.01,0.02,-,0,0.94
2022-W44,0.06,,0.08,0.38,2.44,0.09,0.75,0.02,0.25,,0.21,0.03,0,0.19,0.01,0.03,0.03,-,-,0.85
2022-W45,0.08,,0.09,0.41,2.78,0.13,0.64,0.01,0.27,,0.18,0.03,-,0.21,0.02,0.02,0.03,0,0,0.78
2022-W46,0.11,,0.08,0.4,3.21,0.11,0.55,0.01,0.25,,0.18,0.03,0,0.19,0.01,0.02,0.03,0,0,0.74
2022-W47,0.11,,0.1,0.36,3.2,0.12,0.48,0.01,0.26,,0.19,0.04,-,0.19,0.01,0.01,0.01,0,0,0.58
2022-W48,0.13,,0.14,0.37,3.81,0.11,0.43,0.01,0.25,,0.18,0.04,0.01,0.23,0.01,0.02,0.02,-,0,0.5
2022-W49,0.25,,0.13,0.37,4.38,0.11,0.41,0.01,0.23,,0.17,0.04,0.01,0.23,0.01,0.02,0.02,0,-,0.54
2022-W50,0.53,,0.16,0.42,4.96,0.11,0.32,0.01,0.24,,0.13,0.04,0.02,0.18,0.01,0.02,0.03,0,-,0.48
2022-W51,1.24,,0.19,0.37,5.6,0.1,0.29,0.01,0.22,,0.1,0.03,0.02,0.24,0.01,0.01,0.03,-,0,0.4
2022-W52,2.05,,0.13,0.25,4.08,0.07,0.17,0.01,0.17,,0.06,0.02,0.01,0.15,0,0.01,0.02,0,0.01,0.28
2023-W01,4.73,,0.12,0.21,3.5,0.09,0.1,0.01,0.18,,0.03,0.02,0.01,0.22,0.01,0,0.02,-,0,0.18
2023-W02,7.37,,0.11,0.27,5.76,0.08,0.09,0.01,0.23,,0.04,0.02,0.02,0.24,0.01,0.01,0.02,-,0.01,0.18
2023-W03,9.59,,0.12,0.4,7.71,0.07,0.11,0.01,0.24,,0.06,0.03,0.01,0.21,0.01,0.01,0.01,0,0,0.29
2023-W04,10.36,,0.12,0.4,7.38,0.07,0.1,0.01,0.22,,0.05,0.02,0.01,0.19,0.02,0.02,0.03,0,0.01,0.31
2023-W05,12.66,,0.13,0.44,7.89,0.07,0.09,0.01,0.22,,0.05,0.03,0,0.21,0.01,0.03,0.02,-,0.01,0.32
2023-W06,12.91,,0.12,0.42,7.26,0.06,0.08,0.01,0.21,,0.04,0.03,0.01,0.18,0.01,0.02,0.01,-,0.01,0.3
2023-W07,12.56,,0.18,0.53,7.31,0.08,0.08,0.01,0.22,,0.05,0.03,0.01,0.22,0.02,0.02,0.02,-,0.02,0.32
2023-W08,11.32,,0.16,0.47,6.2,0.07,0.07,0.01,0.19,,0.05,0.03,0.01,0.17,0.02,0.02,0.01,-,0.01,0.31
2023-W09,10.17,,0.15,0.48,5.95,0.06,0.07,0.01,0.21,,0.04,0.03,0.01,0.19,0.03,0.02,0.01,0,0.02,0.34
2023-W10,11.1,,0.17,0.52,5.88,0.06,0.07,0.01,0.21,,0.05,0.03,0.01,0.2,0.02,0.02,0.02,-,0.01,0.35
2023-W11,8.42,,0.17,0.52,5.36,0.08,0.07,0.01,0.23,,0.06,0.03,0.01,0.2,0.01,0.02,0.03,-,0.01,0.39
2023-W12,6.44,,0.16,0.48,4.21,0.07,0.07,0.01,0.2,,0.06,0.03,0.01,0.16,0.01,0.03,0.03,-,0.01,0.42
2023-W13,4.06,,0.18,0.52,3.73,0.08,0.09,0.01,0.24,,0.1,0.03,0,0.22,0.01,0.01,0.02,-,0.01,0.48
2023-W14,2.77,,0.17,0.49,3.72,0.1,0.09,0.01,0.24,,0.1,0.03,0.01,0.28,0.01,0.03,0.02,-,0,0.53
2023-W15,2.16,,0.2,0.59,4.2,0.09,0.13,0.01,0.26,,0.18,0.04,0.01,0.24,0.01,0.02,0.02,-,0,0.87
2023-W16,2.51,,0.26,0.81,4.95,0.09,0.2,0.01,0.32,,0.28,0.03,0.02,0.28,0,0.02,0.02,0.01,0.01,1.12
2023-W17,2.24,,0.32,0.82,4.96,0.09,0.19,0.01,0.33,,0.33,0.03,0.01,0.25,0.01,0.03,0.05,-,0.01,1.08
2023-W18,1.7,,0.28,0.59,3.49,0.07,0.16,0.01,0.25,,0.28,0.03,0.01,0.23,0.02,0.03,0.02,-,0.01,0.99
2023-W19,1.36,2.63,0.46,1.01,5.28,0.11,0.18,0.02,0.36,,0.33,0.04,0.02,0.39,0.01,0.01,0.04,-,0.01,1.04
2023-W20,1.89,3.56,0.45,1.34,6.54,0.1,0.25,0.01,0.33,,0.73,0.06,0.01,0.36,0.01,0.02,0.08,0,0.01,1.56
2023-W21,1.62,3.63,0.64,1.49,6.48,0.13,0.36,0.01,0.35,,1.33,0.07,0.02,0.31,0.02,0.03,0.07,-,0.01,1.95
2023-W22,1.52,4.55,0.61,1.58,6.61,0.11,0.48,0.02,0.34,,1.87,0.07,0.01,0.33,0.01,0.02,0.1,-,0.01,2.12
2023-W23,1.36,5.11,0.69,1.67,6.29,0.13,0.66,0.02,0.31,,3,0.09,0.02,0.34,0.02,0.03,0.06,0,0.01,2.64
